-- phpMyAdmin SQL Dump
-- version 4.4.14
-- http://www.phpmyadmin.net
--
-- Host: 127.0.0.1
-- Generation Time: Feb 17, 2017 at 11:20 AM
-- Server version: 5.6.26
-- PHP Version: 5.6.12

SET SQL_MODE = "NO_AUTO_VALUE_ON_ZERO";
SET time_zone = "+00:00";


/*!40101 SET @OLD_CHARACTER_SET_CLIENT=@@CHARACTER_SET_CLIENT */;
/*!40101 SET @OLD_CHARACTER_SET_RESULTS=@@CHARACTER_SET_RESULTS */;
/*!40101 SET @OLD_COLLATION_CONNECTION=@@COLLATION_CONNECTION */;
/*!40101 SET NAMES utf8mb4 */;

--
-- Database: `ultsch_db`
--

-- --------------------------------------------------------

--
-- Table structure for table `const`
--

CREATE TABLE IF NOT EXISTS `const` (
  `id` int(11) NOT NULL,
  `week_id` int(11) NOT NULL,
  `day_id` int(10) unsigned NOT NULL,
  `user_id` int(10) unsigned NOT NULL,
  `shift_id` int(10) unsigned NOT NULL,
  `status` tinyint(4) DEFAULT NULL,
  `published` tinyint(4) DEFAULT NULL
) ENGINE=InnoDB AUTO_INCREMENT=1849 DEFAULT CHARSET=utf8;

--
-- Dumping data for table `const`
--

INSERT INTO `const` (`id`, `week_id`, `day_id`, `user_id`, `shift_id`, `status`, `published`) VALUES
(1, 7, 1, 61, 1, 0, 0),
(2, 7, 2, 61, 1, 0, 0),
(3, 7, 3, 61, 1, 0, 0),
(4, 7, 4, 61, 1, 0, 0),
(5, 7, 5, 61, 1, 0, 0),
(6, 7, 6, 61, 1, 0, 0),
(7, 7, 7, 61, 1, 0, 0),
(8, 7, 1, 61, 2, 0, 0),
(9, 7, 2, 61, 2, 0, 0),
(10, 7, 3, 61, 2, 0, 0),
(11, 7, 4, 61, 2, 0, 0),
(12, 7, 5, 61, 2, 0, 0),
(13, 7, 6, 61, 2, 0, 0),
(14, 7, 7, 61, 2, 0, 0),
(15, 7, 1, 61, 3, 0, 0),
(16, 7, 2, 61, 3, 0, 0),
(17, 7, 3, 61, 3, 0, 0),
(18, 7, 4, 61, 3, 0, 0),
(19, 7, 5, 61, 3, 0, 0),
(20, 7, 6, 61, 3, 0, 0),
(21, 7, 7, 61, 3, 0, 0),
(22, 8, 1, 61, 1, 0, 0),
(23, 8, 2, 61, 1, 0, 0),
(24, 8, 3, 61, 1, 0, 0),
(25, 8, 4, 61, 1, 0, 0),
(26, 8, 5, 61, 1, 0, 0),
(27, 8, 6, 61, 1, 0, 0),
(28, 8, 7, 61, 1, 0, 0),
(29, 8, 1, 61, 2, 0, 0),
(30, 8, 2, 61, 2, 0, 0),
(31, 8, 3, 61, 2, 0, 0),
(32, 8, 4, 61, 2, 0, 0),
(33, 8, 5, 61, 2, 0, 0),
(34, 8, 6, 61, 2, 0, 0),
(35, 8, 7, 61, 2, 0, 0),
(36, 8, 1, 61, 3, 0, 0),
(37, 8, 2, 61, 3, 0, 0),
(38, 8, 3, 61, 3, 0, 0),
(39, 8, 4, 61, 3, 0, 0),
(40, 8, 5, 61, 3, 0, 0),
(41, 8, 6, 61, 3, 0, 0),
(42, 8, 7, 61, 3, 0, 0),
(43, 9, 1, 61, 1, 0, 0),
(44, 9, 2, 61, 1, 0, 0),
(45, 9, 3, 61, 1, 0, 0),
(46, 9, 4, 61, 1, 0, 0),
(47, 9, 5, 61, 1, 0, 0),
(48, 9, 6, 61, 1, 0, 0),
(49, 9, 7, 61, 1, 0, 0),
(50, 9, 1, 61, 2, 0, 0),
(51, 9, 2, 61, 2, 0, 0),
(52, 9, 3, 61, 2, 0, 0),
(53, 9, 4, 61, 2, 0, 0),
(54, 9, 5, 61, 2, 0, 0),
(55, 9, 6, 61, 2, 0, 0),
(56, 9, 7, 61, 2, 0, 0),
(57, 9, 1, 61, 3, 0, 0),
(58, 9, 2, 61, 3, 0, 0),
(59, 9, 3, 61, 3, 0, 0),
(60, 9, 4, 61, 3, 0, 0),
(61, 9, 5, 61, 3, 0, 0),
(62, 9, 6, 61, 3, 0, 0),
(63, 9, 7, 61, 3, 0, 0),
(64, 10, 1, 61, 1, 0, 0),
(65, 10, 2, 61, 1, 0, 0),
(66, 10, 3, 61, 1, 0, 0),
(67, 10, 4, 61, 1, 0, 0),
(68, 10, 5, 61, 1, 0, 0),
(69, 10, 6, 61, 1, 0, 0),
(70, 10, 7, 61, 1, 0, 0),
(71, 10, 1, 61, 2, 0, 0),
(72, 10, 2, 61, 2, 0, 0),
(73, 10, 3, 61, 2, 0, 0),
(74, 10, 4, 61, 2, 0, 0),
(75, 10, 5, 61, 2, 0, 0),
(76, 10, 6, 61, 2, 0, 0),
(77, 10, 7, 61, 2, 0, 0),
(78, 10, 1, 61, 3, 0, 0),
(79, 10, 2, 61, 3, 0, 0),
(80, 10, 3, 61, 3, 0, 0),
(81, 10, 4, 61, 3, 0, 0),
(82, 10, 5, 61, 3, 0, 0),
(83, 10, 6, 61, 3, 0, 0),
(84, 10, 7, 61, 3, 0, 0),
(85, 11, 1, 61, 1, 0, 0),
(86, 11, 2, 61, 1, 0, 0),
(87, 11, 3, 61, 1, 0, 0),
(88, 11, 4, 61, 1, 0, 0),
(89, 11, 5, 61, 1, 0, 0),
(90, 11, 6, 61, 1, 0, 0),
(91, 11, 7, 61, 1, 0, 0),
(92, 11, 1, 61, 2, 0, 0),
(93, 11, 2, 61, 2, 0, 0),
(94, 11, 3, 61, 2, 0, 0),
(95, 11, 4, 61, 2, 0, 0),
(96, 11, 5, 61, 2, 0, 0),
(97, 11, 6, 61, 2, 0, 0),
(98, 11, 7, 61, 2, 0, 0),
(99, 11, 1, 61, 3, 0, 0),
(100, 11, 2, 61, 3, 0, 0),
(101, 11, 3, 61, 3, 0, 0),
(102, 11, 4, 61, 3, 0, 0),
(103, 11, 5, 61, 3, 0, 0),
(104, 11, 6, 61, 3, 0, 0),
(105, 11, 7, 61, 3, 0, 0),
(106, 12, 1, 61, 1, 0, 0),
(107, 12, 2, 61, 1, 0, 0),
(108, 12, 3, 61, 1, 0, 0),
(109, 12, 4, 61, 1, 0, 0),
(110, 12, 5, 61, 1, 0, 0),
(111, 12, 6, 61, 1, 0, 0),
(112, 12, 7, 61, 1, 0, 0),
(113, 12, 1, 61, 2, 0, 0),
(114, 12, 2, 61, 2, 0, 0),
(115, 12, 3, 61, 2, 0, 0),
(116, 12, 4, 61, 2, 0, 0),
(117, 12, 5, 61, 2, 0, 0),
(118, 12, 6, 61, 2, 0, 0),
(119, 12, 7, 61, 2, 0, 0),
(120, 12, 1, 61, 3, 0, 0),
(121, 12, 2, 61, 3, 0, 0),
(122, 12, 3, 61, 3, 0, 0),
(123, 12, 4, 61, 3, 0, 0),
(124, 12, 5, 61, 3, 0, 0),
(125, 12, 6, 61, 3, 0, 0),
(126, 12, 7, 61, 3, 0, 0),
(127, 13, 1, 61, 1, 0, 0),
(128, 13, 2, 61, 1, 0, 0),
(129, 13, 3, 61, 1, 0, 0),
(130, 13, 4, 61, 1, 0, 0),
(131, 13, 5, 61, 1, 0, 0),
(132, 13, 6, 61, 1, 0, 0),
(133, 13, 7, 61, 1, 0, 0),
(134, 13, 1, 61, 2, 0, 0),
(135, 13, 2, 61, 2, 0, 0),
(136, 13, 3, 61, 2, 0, 0),
(137, 13, 4, 61, 2, 0, 0),
(138, 13, 5, 61, 2, 0, 0),
(139, 13, 6, 61, 2, 0, 0),
(140, 13, 7, 61, 2, 0, 0),
(141, 13, 1, 61, 3, 0, 0),
(142, 13, 2, 61, 3, 0, 0),
(143, 13, 3, 61, 3, 0, 0),
(144, 13, 4, 61, 3, 0, 0),
(145, 13, 5, 61, 3, 0, 0),
(146, 13, 6, 61, 3, 0, 0),
(147, 13, 7, 61, 3, 0, 0),
(148, 14, 1, 61, 1, 0, 0),
(149, 14, 2, 61, 1, 0, 0),
(150, 14, 3, 61, 1, 0, 0),
(151, 14, 4, 61, 1, 0, 0),
(152, 14, 5, 61, 1, 0, 0),
(153, 14, 6, 61, 1, 0, 0),
(154, 14, 7, 61, 1, 0, 0),
(155, 14, 1, 61, 2, 0, 0),
(156, 14, 2, 61, 2, 0, 0),
(157, 14, 3, 61, 2, 0, 0),
(158, 14, 4, 61, 2, 0, 0),
(159, 14, 5, 61, 2, 0, 0),
(160, 14, 6, 61, 2, 0, 0),
(161, 14, 7, 61, 2, 0, 0),
(162, 14, 1, 61, 3, 0, 0),
(163, 14, 2, 61, 3, 0, 0),
(164, 14, 3, 61, 3, 0, 0),
(165, 14, 4, 61, 3, 0, 0),
(166, 14, 5, 61, 3, 0, 0),
(167, 14, 6, 61, 3, 0, 0),
(168, 14, 7, 61, 3, 0, 0),
(169, 15, 1, 61, 1, 0, 0),
(170, 15, 2, 61, 1, 0, 0),
(171, 15, 3, 61, 1, 0, 0),
(172, 15, 4, 61, 1, 0, 0),
(173, 15, 5, 61, 1, 0, 0),
(174, 15, 6, 61, 1, 0, 0),
(175, 15, 7, 61, 1, 0, 0),
(176, 15, 1, 61, 2, 0, 0),
(177, 15, 2, 61, 2, 0, 0),
(178, 15, 3, 61, 2, 0, 0),
(179, 15, 4, 61, 2, 0, 0),
(180, 15, 5, 61, 2, 0, 0),
(181, 15, 6, 61, 2, 0, 0),
(182, 15, 7, 61, 2, 0, 0),
(183, 15, 1, 61, 3, 0, 0),
(184, 15, 2, 61, 3, 0, 0),
(185, 15, 3, 61, 3, 0, 0),
(186, 15, 4, 61, 3, 0, 0),
(187, 15, 5, 61, 3, 0, 0),
(188, 15, 6, 61, 3, 0, 0),
(189, 15, 7, 61, 3, 0, 0),
(190, 16, 1, 61, 1, 0, 0),
(191, 16, 2, 61, 1, 0, 0),
(192, 16, 3, 61, 1, 0, 0),
(193, 16, 4, 61, 1, 0, 0),
(194, 16, 5, 61, 1, 0, 0),
(195, 16, 6, 61, 1, 0, 0),
(196, 16, 7, 61, 1, 0, 0),
(197, 16, 1, 61, 2, 0, 0),
(198, 16, 2, 61, 2, 0, 0),
(199, 16, 3, 61, 2, 0, 0),
(200, 16, 4, 61, 2, 0, 0),
(201, 16, 5, 61, 2, 0, 0),
(202, 16, 6, 61, 2, 0, 0),
(203, 16, 7, 61, 2, 0, 0),
(204, 16, 1, 61, 3, 0, 0),
(205, 16, 2, 61, 3, 0, 0),
(206, 16, 3, 61, 3, 0, 0),
(207, 16, 4, 61, 3, 0, 0),
(208, 16, 5, 61, 3, 0, 0),
(209, 16, 6, 61, 3, 0, 0),
(210, 16, 7, 61, 3, 0, 0),
(211, 17, 1, 61, 1, 0, 0),
(212, 17, 2, 61, 1, 0, 0),
(213, 17, 3, 61, 1, 0, 0),
(214, 17, 4, 61, 1, 0, 0),
(215, 17, 5, 61, 1, 0, 0),
(216, 17, 6, 61, 1, 0, 0),
(217, 17, 7, 61, 1, 0, 0),
(218, 17, 1, 61, 2, 0, 0),
(219, 17, 2, 61, 2, 0, 0),
(220, 17, 3, 61, 2, 0, 0),
(221, 17, 4, 61, 2, 0, 0),
(222, 17, 5, 61, 2, 0, 0),
(223, 17, 6, 61, 2, 0, 0),
(224, 17, 7, 61, 2, 0, 0),
(225, 17, 1, 61, 3, 0, 0),
(226, 17, 2, 61, 3, 0, 0),
(227, 17, 3, 61, 3, 0, 0),
(228, 17, 4, 61, 3, 0, 0),
(229, 17, 5, 61, 3, 0, 0),
(230, 17, 6, 61, 3, 0, 0),
(231, 17, 7, 61, 3, 0, 0),
(232, 7, 1, 62, 1, 0, 0),
(233, 7, 2, 62, 1, 0, 0),
(234, 7, 3, 62, 1, 0, 0),
(235, 7, 4, 62, 1, 0, 0),
(236, 7, 5, 62, 1, 0, 0),
(237, 7, 6, 62, 1, 0, 0),
(238, 7, 7, 62, 1, 0, 0),
(239, 7, 1, 62, 2, 0, 0),
(240, 7, 2, 62, 2, 0, 0),
(241, 7, 3, 62, 2, 0, 0),
(242, 7, 4, 62, 2, 0, 0),
(243, 7, 5, 62, 2, 0, 0),
(244, 7, 6, 62, 2, 0, 0),
(245, 7, 7, 62, 2, 0, 0),
(246, 7, 1, 62, 3, 0, 0),
(247, 7, 2, 62, 3, 0, 0),
(248, 7, 3, 62, 3, 0, 0),
(249, 7, 4, 62, 3, 0, 0),
(250, 7, 5, 62, 3, 0, 0),
(251, 7, 6, 62, 3, 0, 0),
(252, 7, 7, 62, 3, 0, 0),
(253, 8, 1, 62, 1, 1, 3),
(254, 8, 2, 62, 1, 0, 3),
(255, 8, 3, 62, 1, 0, 3),
(256, 8, 4, 62, 1, 0, 3),
(257, 8, 5, 62, 1, 0, 3),
(258, 8, 6, 62, 1, 1, 3),
(259, 8, 7, 62, 1, 0, 3),
(260, 8, 1, 62, 2, 0, 3),
(261, 8, 2, 62, 2, 0, 3),
(262, 8, 3, 62, 2, 0, 3),
(263, 8, 4, 62, 2, 0, 3),
(264, 8, 5, 62, 2, 0, 3),
(265, 8, 6, 62, 2, 0, 3),
(266, 8, 7, 62, 2, 0, 3),
(267, 8, 1, 62, 3, 0, 3),
(268, 8, 2, 62, 3, 0, 3),
(269, 8, 3, 62, 3, 1, 3),
(270, 8, 4, 62, 3, 0, 3),
(271, 8, 5, 62, 3, 0, 3),
(272, 8, 6, 62, 3, 0, 3),
(273, 8, 7, 62, 3, 0, 3),
(274, 9, 1, 62, 1, 0, 0),
(275, 9, 2, 62, 1, 0, 0),
(276, 9, 3, 62, 1, 0, 0),
(277, 9, 4, 62, 1, 0, 0),
(278, 9, 5, 62, 1, 0, 0),
(279, 9, 6, 62, 1, 0, 0),
(280, 9, 7, 62, 1, 0, 0),
(281, 9, 1, 62, 2, 0, 0),
(282, 9, 2, 62, 2, 0, 0),
(283, 9, 3, 62, 2, 0, 0),
(284, 9, 4, 62, 2, 0, 0),
(285, 9, 5, 62, 2, 0, 0),
(286, 9, 6, 62, 2, 0, 0),
(287, 9, 7, 62, 2, 0, 0),
(288, 9, 1, 62, 3, 0, 0),
(289, 9, 2, 62, 3, 0, 0),
(290, 9, 3, 62, 3, 0, 0),
(291, 9, 4, 62, 3, 0, 0),
(292, 9, 5, 62, 3, 0, 0),
(293, 9, 6, 62, 3, 0, 0),
(294, 9, 7, 62, 3, 0, 0),
(295, 10, 1, 62, 1, 0, 0),
(296, 10, 2, 62, 1, 0, 0),
(297, 10, 3, 62, 1, 0, 0),
(298, 10, 4, 62, 1, 0, 0),
(299, 10, 5, 62, 1, 0, 0),
(300, 10, 6, 62, 1, 0, 0),
(301, 10, 7, 62, 1, 0, 0),
(302, 10, 1, 62, 2, 0, 0),
(303, 10, 2, 62, 2, 0, 0),
(304, 10, 3, 62, 2, 0, 0),
(305, 10, 4, 62, 2, 0, 0),
(306, 10, 5, 62, 2, 0, 0),
(307, 10, 6, 62, 2, 0, 0),
(308, 10, 7, 62, 2, 0, 0),
(309, 10, 1, 62, 3, 0, 0),
(310, 10, 2, 62, 3, 0, 0),
(311, 10, 3, 62, 3, 0, 0),
(312, 10, 4, 62, 3, 0, 0),
(313, 10, 5, 62, 3, 0, 0),
(314, 10, 6, 62, 3, 0, 0),
(315, 10, 7, 62, 3, 0, 0),
(316, 11, 1, 62, 1, 0, 0),
(317, 11, 2, 62, 1, 0, 0),
(318, 11, 3, 62, 1, 0, 0),
(319, 11, 4, 62, 1, 0, 0),
(320, 11, 5, 62, 1, 0, 0),
(321, 11, 6, 62, 1, 0, 0),
(322, 11, 7, 62, 1, 0, 0),
(323, 11, 1, 62, 2, 0, 0),
(324, 11, 2, 62, 2, 0, 0),
(325, 11, 3, 62, 2, 0, 0),
(326, 11, 4, 62, 2, 0, 0),
(327, 11, 5, 62, 2, 0, 0),
(328, 11, 6, 62, 2, 0, 0),
(329, 11, 7, 62, 2, 0, 0),
(330, 11, 1, 62, 3, 0, 0),
(331, 11, 2, 62, 3, 0, 0),
(332, 11, 3, 62, 3, 0, 0),
(333, 11, 4, 62, 3, 0, 0),
(334, 11, 5, 62, 3, 0, 0),
(335, 11, 6, 62, 3, 0, 0),
(336, 11, 7, 62, 3, 0, 0),
(337, 12, 1, 62, 1, 0, 0),
(338, 12, 2, 62, 1, 0, 0),
(339, 12, 3, 62, 1, 0, 0),
(340, 12, 4, 62, 1, 0, 0),
(341, 12, 5, 62, 1, 0, 0),
(342, 12, 6, 62, 1, 0, 0),
(343, 12, 7, 62, 1, 0, 0),
(344, 12, 1, 62, 2, 0, 0),
(345, 12, 2, 62, 2, 0, 0),
(346, 12, 3, 62, 2, 0, 0),
(347, 12, 4, 62, 2, 0, 0),
(348, 12, 5, 62, 2, 0, 0),
(349, 12, 6, 62, 2, 0, 0),
(350, 12, 7, 62, 2, 0, 0),
(351, 12, 1, 62, 3, 0, 0),
(352, 12, 2, 62, 3, 0, 0),
(353, 12, 3, 62, 3, 0, 0),
(354, 12, 4, 62, 3, 0, 0),
(355, 12, 5, 62, 3, 0, 0),
(356, 12, 6, 62, 3, 0, 0),
(357, 12, 7, 62, 3, 0, 0),
(358, 13, 1, 62, 1, 0, 0),
(359, 13, 2, 62, 1, 0, 0),
(360, 13, 3, 62, 1, 0, 0),
(361, 13, 4, 62, 1, 0, 0),
(362, 13, 5, 62, 1, 0, 0),
(363, 13, 6, 62, 1, 0, 0),
(364, 13, 7, 62, 1, 0, 0),
(365, 13, 1, 62, 2, 0, 0),
(366, 13, 2, 62, 2, 0, 0),
(367, 13, 3, 62, 2, 0, 0),
(368, 13, 4, 62, 2, 0, 0),
(369, 13, 5, 62, 2, 0, 0),
(370, 13, 6, 62, 2, 0, 0),
(371, 13, 7, 62, 2, 0, 0),
(372, 13, 1, 62, 3, 0, 0),
(373, 13, 2, 62, 3, 0, 0),
(374, 13, 3, 62, 3, 0, 0),
(375, 13, 4, 62, 3, 0, 0),
(376, 13, 5, 62, 3, 0, 0),
(377, 13, 6, 62, 3, 0, 0),
(378, 13, 7, 62, 3, 0, 0),
(379, 14, 1, 62, 1, 0, 0),
(380, 14, 2, 62, 1, 0, 0),
(381, 14, 3, 62, 1, 0, 0),
(382, 14, 4, 62, 1, 0, 0),
(383, 14, 5, 62, 1, 0, 0),
(384, 14, 6, 62, 1, 0, 0),
(385, 14, 7, 62, 1, 0, 0),
(386, 14, 1, 62, 2, 0, 0),
(387, 14, 2, 62, 2, 0, 0),
(388, 14, 3, 62, 2, 0, 0),
(389, 14, 4, 62, 2, 0, 0),
(390, 14, 5, 62, 2, 0, 0),
(391, 14, 6, 62, 2, 0, 0),
(392, 14, 7, 62, 2, 0, 0),
(393, 14, 1, 62, 3, 0, 0),
(394, 14, 2, 62, 3, 0, 0),
(395, 14, 3, 62, 3, 0, 0),
(396, 14, 4, 62, 3, 0, 0),
(397, 14, 5, 62, 3, 0, 0),
(398, 14, 6, 62, 3, 0, 0),
(399, 14, 7, 62, 3, 0, 0),
(400, 15, 1, 62, 1, 0, 0),
(401, 15, 2, 62, 1, 0, 0),
(402, 15, 3, 62, 1, 0, 0),
(403, 15, 4, 62, 1, 0, 0),
(404, 15, 5, 62, 1, 0, 0),
(405, 15, 6, 62, 1, 0, 0),
(406, 15, 7, 62, 1, 0, 0),
(407, 15, 1, 62, 2, 0, 0),
(408, 15, 2, 62, 2, 0, 0),
(409, 15, 3, 62, 2, 0, 0),
(410, 15, 4, 62, 2, 0, 0),
(411, 15, 5, 62, 2, 0, 0),
(412, 15, 6, 62, 2, 0, 0),
(413, 15, 7, 62, 2, 0, 0),
(414, 15, 1, 62, 3, 0, 0),
(415, 15, 2, 62, 3, 0, 0),
(416, 15, 3, 62, 3, 0, 0),
(417, 15, 4, 62, 3, 0, 0),
(418, 15, 5, 62, 3, 0, 0),
(419, 15, 6, 62, 3, 0, 0),
(420, 15, 7, 62, 3, 0, 0),
(421, 16, 1, 62, 1, 0, 0),
(422, 16, 2, 62, 1, 0, 0),
(423, 16, 3, 62, 1, 0, 0),
(424, 16, 4, 62, 1, 0, 0),
(425, 16, 5, 62, 1, 0, 0),
(426, 16, 6, 62, 1, 0, 0),
(427, 16, 7, 62, 1, 0, 0),
(428, 16, 1, 62, 2, 0, 0),
(429, 16, 2, 62, 2, 0, 0),
(430, 16, 3, 62, 2, 0, 0),
(431, 16, 4, 62, 2, 0, 0),
(432, 16, 5, 62, 2, 0, 0),
(433, 16, 6, 62, 2, 0, 0),
(434, 16, 7, 62, 2, 0, 0),
(435, 16, 1, 62, 3, 0, 0),
(436, 16, 2, 62, 3, 0, 0),
(437, 16, 3, 62, 3, 0, 0),
(438, 16, 4, 62, 3, 0, 0),
(439, 16, 5, 62, 3, 0, 0),
(440, 16, 6, 62, 3, 0, 0),
(441, 16, 7, 62, 3, 0, 0),
(442, 17, 1, 62, 1, 0, 0),
(443, 17, 2, 62, 1, 0, 0),
(444, 17, 3, 62, 1, 0, 0),
(445, 17, 4, 62, 1, 0, 0),
(446, 17, 5, 62, 1, 0, 0),
(447, 17, 6, 62, 1, 0, 0),
(448, 17, 7, 62, 1, 0, 0),
(449, 17, 1, 62, 2, 0, 0),
(450, 17, 2, 62, 2, 0, 0),
(451, 17, 3, 62, 2, 0, 0),
(452, 17, 4, 62, 2, 0, 0),
(453, 17, 5, 62, 2, 0, 0),
(454, 17, 6, 62, 2, 0, 0),
(455, 17, 7, 62, 2, 0, 0),
(456, 17, 1, 62, 3, 0, 0),
(457, 17, 2, 62, 3, 0, 0),
(458, 17, 3, 62, 3, 0, 0),
(459, 17, 4, 62, 3, 0, 0),
(460, 17, 5, 62, 3, 0, 0),
(461, 17, 6, 62, 3, 0, 0),
(462, 17, 7, 62, 3, 0, 0),
(463, 7, 1, 63, 1, 0, 0),
(464, 7, 2, 63, 1, 0, 0),
(465, 7, 3, 63, 1, 0, 0),
(466, 7, 4, 63, 1, 0, 0),
(467, 7, 5, 63, 1, 0, 0),
(468, 7, 6, 63, 1, 0, 0),
(469, 7, 7, 63, 1, 0, 0),
(470, 7, 1, 63, 2, 0, 0),
(471, 7, 2, 63, 2, 0, 0),
(472, 7, 3, 63, 2, 0, 0),
(473, 7, 4, 63, 2, 0, 0),
(474, 7, 5, 63, 2, 0, 0),
(475, 7, 6, 63, 2, 0, 0),
(476, 7, 7, 63, 2, 0, 0),
(477, 7, 1, 63, 3, 0, 0),
(478, 7, 2, 63, 3, 0, 0),
(479, 7, 3, 63, 3, 0, 0),
(480, 7, 4, 63, 3, 0, 0),
(481, 7, 5, 63, 3, 0, 0),
(482, 7, 6, 63, 3, 0, 0),
(483, 7, 7, 63, 3, 0, 0),
(484, 8, 1, 63, 1, 0, 0),
(485, 8, 2, 63, 1, 0, 0),
(486, 8, 3, 63, 1, 0, 0),
(487, 8, 4, 63, 1, 0, 0),
(488, 8, 5, 63, 1, 1, 0),
(489, 8, 6, 63, 1, 0, 0),
(490, 8, 7, 63, 1, 0, 0),
(491, 8, 1, 63, 2, 1, 0),
(492, 8, 2, 63, 2, 0, 0),
(493, 8, 3, 63, 2, 0, 0),
(494, 8, 4, 63, 2, 0, 0),
(495, 8, 5, 63, 2, 0, 0),
(496, 8, 6, 63, 2, 0, 0),
(497, 8, 7, 63, 2, 0, 0),
(498, 8, 1, 63, 3, 0, 0),
(499, 8, 2, 63, 3, 1, 0),
(500, 8, 3, 63, 3, 0, 0),
(501, 8, 4, 63, 3, 0, 0),
(502, 8, 5, 63, 3, 0, 0),
(503, 8, 6, 63, 3, 0, 0),
(504, 8, 7, 63, 3, 0, 0),
(505, 9, 1, 63, 1, 0, 0),
(506, 9, 2, 63, 1, 0, 0),
(507, 9, 3, 63, 1, 0, 0),
(508, 9, 4, 63, 1, 0, 0),
(509, 9, 5, 63, 1, 0, 0),
(510, 9, 6, 63, 1, 0, 0),
(511, 9, 7, 63, 1, 0, 0),
(512, 9, 1, 63, 2, 0, 0),
(513, 9, 2, 63, 2, 0, 0),
(514, 9, 3, 63, 2, 0, 0),
(515, 9, 4, 63, 2, 0, 0),
(516, 9, 5, 63, 2, 0, 0),
(517, 9, 6, 63, 2, 0, 0),
(518, 9, 7, 63, 2, 0, 0),
(519, 9, 1, 63, 3, 0, 0),
(520, 9, 2, 63, 3, 0, 0),
(521, 9, 3, 63, 3, 0, 0),
(522, 9, 4, 63, 3, 0, 0),
(523, 9, 5, 63, 3, 0, 0),
(524, 9, 6, 63, 3, 0, 0),
(525, 9, 7, 63, 3, 0, 0),
(526, 10, 1, 63, 1, 0, 0),
(527, 10, 2, 63, 1, 0, 0),
(528, 10, 3, 63, 1, 0, 0),
(529, 10, 4, 63, 1, 0, 0),
(530, 10, 5, 63, 1, 0, 0),
(531, 10, 6, 63, 1, 0, 0),
(532, 10, 7, 63, 1, 0, 0),
(533, 10, 1, 63, 2, 0, 0),
(534, 10, 2, 63, 2, 0, 0),
(535, 10, 3, 63, 2, 0, 0),
(536, 10, 4, 63, 2, 0, 0),
(537, 10, 5, 63, 2, 0, 0),
(538, 10, 6, 63, 2, 0, 0),
(539, 10, 7, 63, 2, 0, 0),
(540, 10, 1, 63, 3, 0, 0),
(541, 10, 2, 63, 3, 0, 0),
(542, 10, 3, 63, 3, 0, 0),
(543, 10, 4, 63, 3, 0, 0),
(544, 10, 5, 63, 3, 0, 0),
(545, 10, 6, 63, 3, 0, 0),
(546, 10, 7, 63, 3, 0, 0),
(547, 11, 1, 63, 1, 0, 0),
(548, 11, 2, 63, 1, 0, 0),
(549, 11, 3, 63, 1, 0, 0),
(550, 11, 4, 63, 1, 0, 0),
(551, 11, 5, 63, 1, 0, 0),
(552, 11, 6, 63, 1, 0, 0),
(553, 11, 7, 63, 1, 0, 0),
(554, 11, 1, 63, 2, 0, 0),
(555, 11, 2, 63, 2, 0, 0),
(556, 11, 3, 63, 2, 0, 0),
(557, 11, 4, 63, 2, 0, 0),
(558, 11, 5, 63, 2, 0, 0),
(559, 11, 6, 63, 2, 0, 0),
(560, 11, 7, 63, 2, 0, 0),
(561, 11, 1, 63, 3, 0, 0),
(562, 11, 2, 63, 3, 0, 0),
(563, 11, 3, 63, 3, 0, 0),
(564, 11, 4, 63, 3, 0, 0),
(565, 11, 5, 63, 3, 0, 0),
(566, 11, 6, 63, 3, 0, 0),
(567, 11, 7, 63, 3, 0, 0),
(568, 12, 1, 63, 1, 0, 0),
(569, 12, 2, 63, 1, 0, 0),
(570, 12, 3, 63, 1, 0, 0),
(571, 12, 4, 63, 1, 0, 0),
(572, 12, 5, 63, 1, 0, 0),
(573, 12, 6, 63, 1, 0, 0),
(574, 12, 7, 63, 1, 0, 0),
(575, 12, 1, 63, 2, 0, 0),
(576, 12, 2, 63, 2, 0, 0),
(577, 12, 3, 63, 2, 0, 0),
(578, 12, 4, 63, 2, 0, 0),
(579, 12, 5, 63, 2, 0, 0),
(580, 12, 6, 63, 2, 0, 0),
(581, 12, 7, 63, 2, 0, 0),
(582, 12, 1, 63, 3, 0, 0),
(583, 12, 2, 63, 3, 0, 0),
(584, 12, 3, 63, 3, 0, 0),
(585, 12, 4, 63, 3, 0, 0),
(586, 12, 5, 63, 3, 0, 0),
(587, 12, 6, 63, 3, 0, 0),
(588, 12, 7, 63, 3, 0, 0),
(589, 13, 1, 63, 1, 0, 0),
(590, 13, 2, 63, 1, 0, 0),
(591, 13, 3, 63, 1, 0, 0),
(592, 13, 4, 63, 1, 0, 0),
(593, 13, 5, 63, 1, 0, 0),
(594, 13, 6, 63, 1, 0, 0),
(595, 13, 7, 63, 1, 0, 0),
(596, 13, 1, 63, 2, 0, 0),
(597, 13, 2, 63, 2, 0, 0),
(598, 13, 3, 63, 2, 0, 0),
(599, 13, 4, 63, 2, 0, 0),
(600, 13, 5, 63, 2, 0, 0),
(601, 13, 6, 63, 2, 0, 0),
(602, 13, 7, 63, 2, 0, 0),
(603, 13, 1, 63, 3, 0, 0),
(604, 13, 2, 63, 3, 0, 0),
(605, 13, 3, 63, 3, 0, 0),
(606, 13, 4, 63, 3, 0, 0),
(607, 13, 5, 63, 3, 0, 0),
(608, 13, 6, 63, 3, 0, 0),
(609, 13, 7, 63, 3, 0, 0),
(610, 14, 1, 63, 1, 0, 0),
(611, 14, 2, 63, 1, 0, 0),
(612, 14, 3, 63, 1, 0, 0),
(613, 14, 4, 63, 1, 0, 0),
(614, 14, 5, 63, 1, 0, 0),
(615, 14, 6, 63, 1, 0, 0),
(616, 14, 7, 63, 1, 0, 0),
(617, 14, 1, 63, 2, 0, 0),
(618, 14, 2, 63, 2, 0, 0),
(619, 14, 3, 63, 2, 0, 0),
(620, 14, 4, 63, 2, 0, 0),
(621, 14, 5, 63, 2, 0, 0),
(622, 14, 6, 63, 2, 0, 0),
(623, 14, 7, 63, 2, 0, 0),
(624, 14, 1, 63, 3, 0, 0),
(625, 14, 2, 63, 3, 0, 0),
(626, 14, 3, 63, 3, 0, 0),
(627, 14, 4, 63, 3, 0, 0),
(628, 14, 5, 63, 3, 0, 0),
(629, 14, 6, 63, 3, 0, 0),
(630, 14, 7, 63, 3, 0, 0),
(631, 15, 1, 63, 1, 0, 0),
(632, 15, 2, 63, 1, 0, 0),
(633, 15, 3, 63, 1, 0, 0),
(634, 15, 4, 63, 1, 0, 0),
(635, 15, 5, 63, 1, 0, 0),
(636, 15, 6, 63, 1, 0, 0),
(637, 15, 7, 63, 1, 0, 0),
(638, 15, 1, 63, 2, 0, 0),
(639, 15, 2, 63, 2, 0, 0),
(640, 15, 3, 63, 2, 0, 0),
(641, 15, 4, 63, 2, 0, 0),
(642, 15, 5, 63, 2, 0, 0),
(643, 15, 6, 63, 2, 0, 0),
(644, 15, 7, 63, 2, 0, 0),
(645, 15, 1, 63, 3, 0, 0),
(646, 15, 2, 63, 3, 0, 0),
(647, 15, 3, 63, 3, 0, 0),
(648, 15, 4, 63, 3, 0, 0),
(649, 15, 5, 63, 3, 0, 0),
(650, 15, 6, 63, 3, 0, 0),
(651, 15, 7, 63, 3, 0, 0),
(652, 16, 1, 63, 1, 0, 0),
(653, 16, 2, 63, 1, 0, 0),
(654, 16, 3, 63, 1, 0, 0),
(655, 16, 4, 63, 1, 0, 0),
(656, 16, 5, 63, 1, 0, 0),
(657, 16, 6, 63, 1, 0, 0),
(658, 16, 7, 63, 1, 0, 0),
(659, 16, 1, 63, 2, 0, 0),
(660, 16, 2, 63, 2, 0, 0),
(661, 16, 3, 63, 2, 0, 0),
(662, 16, 4, 63, 2, 0, 0),
(663, 16, 5, 63, 2, 0, 0),
(664, 16, 6, 63, 2, 0, 0),
(665, 16, 7, 63, 2, 0, 0),
(666, 16, 1, 63, 3, 0, 0),
(667, 16, 2, 63, 3, 0, 0),
(668, 16, 3, 63, 3, 0, 0),
(669, 16, 4, 63, 3, 0, 0),
(670, 16, 5, 63, 3, 0, 0),
(671, 16, 6, 63, 3, 0, 0),
(672, 16, 7, 63, 3, 0, 0),
(673, 17, 1, 63, 1, 0, 0),
(674, 17, 2, 63, 1, 0, 0),
(675, 17, 3, 63, 1, 0, 0),
(676, 17, 4, 63, 1, 0, 0),
(677, 17, 5, 63, 1, 0, 0),
(678, 17, 6, 63, 1, 0, 0),
(679, 17, 7, 63, 1, 0, 0),
(680, 17, 1, 63, 2, 0, 0),
(681, 17, 2, 63, 2, 0, 0),
(682, 17, 3, 63, 2, 0, 0),
(683, 17, 4, 63, 2, 0, 0),
(684, 17, 5, 63, 2, 0, 0),
(685, 17, 6, 63, 2, 0, 0),
(686, 17, 7, 63, 2, 0, 0),
(687, 17, 1, 63, 3, 0, 0),
(688, 17, 2, 63, 3, 0, 0),
(689, 17, 3, 63, 3, 0, 0),
(690, 17, 4, 63, 3, 0, 0),
(691, 17, 5, 63, 3, 0, 0),
(692, 17, 6, 63, 3, 0, 0),
(693, 17, 7, 63, 3, 0, 0),
(694, 7, 1, 64, 1, 0, 0),
(695, 7, 2, 64, 1, 0, 0),
(696, 7, 3, 64, 1, 0, 0),
(697, 7, 4, 64, 1, 0, 0),
(698, 7, 5, 64, 1, 0, 0),
(699, 7, 6, 64, 1, 0, 0),
(700, 7, 7, 64, 1, 0, 0),
(701, 7, 1, 64, 2, 0, 0),
(702, 7, 2, 64, 2, 0, 0),
(703, 7, 3, 64, 2, 0, 0),
(704, 7, 4, 64, 2, 0, 0),
(705, 7, 5, 64, 2, 0, 0),
(706, 7, 6, 64, 2, 0, 0),
(707, 7, 7, 64, 2, 0, 0),
(708, 7, 1, 64, 3, 0, 0),
(709, 7, 2, 64, 3, 0, 0),
(710, 7, 3, 64, 3, 0, 0),
(711, 7, 4, 64, 3, 0, 0),
(712, 7, 5, 64, 3, 0, 0),
(713, 7, 6, 64, 3, 0, 0),
(714, 7, 7, 64, 3, 0, 0),
(715, 8, 1, 64, 1, 0, 0),
(716, 8, 2, 64, 1, 0, 0),
(717, 8, 3, 64, 1, 0, 0),
(718, 8, 4, 64, 1, 1, 0),
(719, 8, 5, 64, 1, 0, 0),
(720, 8, 6, 64, 1, 0, 0),
(721, 8, 7, 64, 1, 0, 0),
(722, 8, 1, 64, 2, 0, 0),
(723, 8, 2, 64, 2, 0, 0),
(724, 8, 3, 64, 2, 0, 0),
(725, 8, 4, 64, 2, 0, 0),
(726, 8, 5, 64, 2, 0, 0),
(727, 8, 6, 64, 2, 0, 0),
(728, 8, 7, 64, 2, 0, 0),
(729, 8, 1, 64, 3, 1, 0),
(730, 8, 2, 64, 3, 0, 0),
(731, 8, 3, 64, 3, 0, 0),
(732, 8, 4, 64, 3, 0, 0),
(733, 8, 5, 64, 3, 0, 0),
(734, 8, 6, 64, 3, 0, 0),
(735, 8, 7, 64, 3, 1, 0),
(736, 9, 1, 64, 1, 0, 0),
(737, 9, 2, 64, 1, 0, 0),
(738, 9, 3, 64, 1, 0, 0),
(739, 9, 4, 64, 1, 0, 0),
(740, 9, 5, 64, 1, 0, 0),
(741, 9, 6, 64, 1, 0, 0),
(742, 9, 7, 64, 1, 0, 0),
(743, 9, 1, 64, 2, 0, 0),
(744, 9, 2, 64, 2, 0, 0),
(745, 9, 3, 64, 2, 0, 0),
(746, 9, 4, 64, 2, 0, 0),
(747, 9, 5, 64, 2, 0, 0),
(748, 9, 6, 64, 2, 0, 0),
(749, 9, 7, 64, 2, 0, 0),
(750, 9, 1, 64, 3, 0, 0),
(751, 9, 2, 64, 3, 0, 0),
(752, 9, 3, 64, 3, 0, 0),
(753, 9, 4, 64, 3, 0, 0),
(754, 9, 5, 64, 3, 0, 0),
(755, 9, 6, 64, 3, 0, 0),
(756, 9, 7, 64, 3, 0, 0),
(757, 10, 1, 64, 1, 0, 0),
(758, 10, 2, 64, 1, 0, 0),
(759, 10, 3, 64, 1, 0, 0),
(760, 10, 4, 64, 1, 0, 0),
(761, 10, 5, 64, 1, 0, 0),
(762, 10, 6, 64, 1, 0, 0),
(763, 10, 7, 64, 1, 0, 0),
(764, 10, 1, 64, 2, 0, 0),
(765, 10, 2, 64, 2, 0, 0),
(766, 10, 3, 64, 2, 0, 0),
(767, 10, 4, 64, 2, 0, 0),
(768, 10, 5, 64, 2, 0, 0),
(769, 10, 6, 64, 2, 0, 0),
(770, 10, 7, 64, 2, 0, 0),
(771, 10, 1, 64, 3, 0, 0),
(772, 10, 2, 64, 3, 0, 0),
(773, 10, 3, 64, 3, 0, 0),
(774, 10, 4, 64, 3, 0, 0),
(775, 10, 5, 64, 3, 0, 0),
(776, 10, 6, 64, 3, 0, 0),
(777, 10, 7, 64, 3, 0, 0),
(778, 11, 1, 64, 1, 0, 0),
(779, 11, 2, 64, 1, 0, 0),
(780, 11, 3, 64, 1, 0, 0),
(781, 11, 4, 64, 1, 0, 0),
(782, 11, 5, 64, 1, 0, 0),
(783, 11, 6, 64, 1, 0, 0),
(784, 11, 7, 64, 1, 0, 0),
(785, 11, 1, 64, 2, 0, 0),
(786, 11, 2, 64, 2, 0, 0),
(787, 11, 3, 64, 2, 0, 0),
(788, 11, 4, 64, 2, 0, 0),
(789, 11, 5, 64, 2, 0, 0),
(790, 11, 6, 64, 2, 0, 0),
(791, 11, 7, 64, 2, 0, 0),
(792, 11, 1, 64, 3, 0, 0),
(793, 11, 2, 64, 3, 0, 0),
(794, 11, 3, 64, 3, 0, 0),
(795, 11, 4, 64, 3, 0, 0),
(796, 11, 5, 64, 3, 0, 0),
(797, 11, 6, 64, 3, 0, 0),
(798, 11, 7, 64, 3, 0, 0),
(799, 12, 1, 64, 1, 0, 0),
(800, 12, 2, 64, 1, 0, 0),
(801, 12, 3, 64, 1, 0, 0),
(802, 12, 4, 64, 1, 0, 0),
(803, 12, 5, 64, 1, 0, 0),
(804, 12, 6, 64, 1, 0, 0),
(805, 12, 7, 64, 1, 0, 0),
(806, 12, 1, 64, 2, 0, 0),
(807, 12, 2, 64, 2, 0, 0),
(808, 12, 3, 64, 2, 0, 0),
(809, 12, 4, 64, 2, 0, 0),
(810, 12, 5, 64, 2, 0, 0),
(811, 12, 6, 64, 2, 0, 0),
(812, 12, 7, 64, 2, 0, 0),
(813, 12, 1, 64, 3, 0, 0),
(814, 12, 2, 64, 3, 0, 0),
(815, 12, 3, 64, 3, 0, 0),
(816, 12, 4, 64, 3, 0, 0),
(817, 12, 5, 64, 3, 0, 0),
(818, 12, 6, 64, 3, 0, 0),
(819, 12, 7, 64, 3, 0, 0),
(820, 13, 1, 64, 1, 0, 0),
(821, 13, 2, 64, 1, 0, 0),
(822, 13, 3, 64, 1, 0, 0),
(823, 13, 4, 64, 1, 0, 0),
(824, 13, 5, 64, 1, 0, 0),
(825, 13, 6, 64, 1, 0, 0),
(826, 13, 7, 64, 1, 0, 0),
(827, 13, 1, 64, 2, 0, 0),
(828, 13, 2, 64, 2, 0, 0),
(829, 13, 3, 64, 2, 0, 0),
(830, 13, 4, 64, 2, 0, 0),
(831, 13, 5, 64, 2, 0, 0),
(832, 13, 6, 64, 2, 0, 0),
(833, 13, 7, 64, 2, 0, 0),
(834, 13, 1, 64, 3, 0, 0),
(835, 13, 2, 64, 3, 0, 0),
(836, 13, 3, 64, 3, 0, 0),
(837, 13, 4, 64, 3, 0, 0),
(838, 13, 5, 64, 3, 0, 0),
(839, 13, 6, 64, 3, 0, 0),
(840, 13, 7, 64, 3, 0, 0),
(841, 14, 1, 64, 1, 0, 0),
(842, 14, 2, 64, 1, 0, 0),
(843, 14, 3, 64, 1, 0, 0),
(844, 14, 4, 64, 1, 0, 0),
(845, 14, 5, 64, 1, 0, 0),
(846, 14, 6, 64, 1, 0, 0),
(847, 14, 7, 64, 1, 0, 0),
(848, 14, 1, 64, 2, 0, 0),
(849, 14, 2, 64, 2, 0, 0),
(850, 14, 3, 64, 2, 0, 0),
(851, 14, 4, 64, 2, 0, 0),
(852, 14, 5, 64, 2, 0, 0),
(853, 14, 6, 64, 2, 0, 0),
(854, 14, 7, 64, 2, 0, 0),
(855, 14, 1, 64, 3, 0, 0),
(856, 14, 2, 64, 3, 0, 0),
(857, 14, 3, 64, 3, 0, 0),
(858, 14, 4, 64, 3, 0, 0),
(859, 14, 5, 64, 3, 0, 0),
(860, 14, 6, 64, 3, 0, 0),
(861, 14, 7, 64, 3, 0, 0),
(862, 15, 1, 64, 1, 0, 0),
(863, 15, 2, 64, 1, 0, 0),
(864, 15, 3, 64, 1, 0, 0),
(865, 15, 4, 64, 1, 0, 0),
(866, 15, 5, 64, 1, 0, 0),
(867, 15, 6, 64, 1, 0, 0),
(868, 15, 7, 64, 1, 0, 0),
(869, 15, 1, 64, 2, 0, 0),
(870, 15, 2, 64, 2, 0, 0),
(871, 15, 3, 64, 2, 0, 0),
(872, 15, 4, 64, 2, 0, 0),
(873, 15, 5, 64, 2, 0, 0),
(874, 15, 6, 64, 2, 0, 0),
(875, 15, 7, 64, 2, 0, 0),
(876, 15, 1, 64, 3, 0, 0),
(877, 15, 2, 64, 3, 0, 0),
(878, 15, 3, 64, 3, 0, 0),
(879, 15, 4, 64, 3, 0, 0),
(880, 15, 5, 64, 3, 0, 0),
(881, 15, 6, 64, 3, 0, 0),
(882, 15, 7, 64, 3, 0, 0),
(883, 16, 1, 64, 1, 0, 0),
(884, 16, 2, 64, 1, 0, 0),
(885, 16, 3, 64, 1, 0, 0),
(886, 16, 4, 64, 1, 0, 0),
(887, 16, 5, 64, 1, 0, 0),
(888, 16, 6, 64, 1, 0, 0),
(889, 16, 7, 64, 1, 0, 0),
(890, 16, 1, 64, 2, 0, 0),
(891, 16, 2, 64, 2, 0, 0),
(892, 16, 3, 64, 2, 0, 0),
(893, 16, 4, 64, 2, 0, 0),
(894, 16, 5, 64, 2, 0, 0),
(895, 16, 6, 64, 2, 0, 0),
(896, 16, 7, 64, 2, 0, 0),
(897, 16, 1, 64, 3, 0, 0),
(898, 16, 2, 64, 3, 0, 0),
(899, 16, 3, 64, 3, 0, 0),
(900, 16, 4, 64, 3, 0, 0),
(901, 16, 5, 64, 3, 0, 0),
(902, 16, 6, 64, 3, 0, 0),
(903, 16, 7, 64, 3, 0, 0),
(904, 17, 1, 64, 1, 0, 0),
(905, 17, 2, 64, 1, 0, 0),
(906, 17, 3, 64, 1, 0, 0),
(907, 17, 4, 64, 1, 0, 0),
(908, 17, 5, 64, 1, 0, 0),
(909, 17, 6, 64, 1, 0, 0),
(910, 17, 7, 64, 1, 0, 0),
(911, 17, 1, 64, 2, 0, 0),
(912, 17, 2, 64, 2, 0, 0),
(913, 17, 3, 64, 2, 0, 0),
(914, 17, 4, 64, 2, 0, 0),
(915, 17, 5, 64, 2, 0, 0),
(916, 17, 6, 64, 2, 0, 0),
(917, 17, 7, 64, 2, 0, 0),
(918, 17, 1, 64, 3, 0, 0),
(919, 17, 2, 64, 3, 0, 0),
(920, 17, 3, 64, 3, 0, 0),
(921, 17, 4, 64, 3, 0, 0),
(922, 17, 5, 64, 3, 0, 0),
(923, 17, 6, 64, 3, 0, 0),
(924, 17, 7, 64, 3, 0, 0),
(925, 7, 1, 65, 1, 0, 0),
(926, 7, 2, 65, 1, 0, 0),
(927, 7, 3, 65, 1, 0, 0),
(928, 7, 4, 65, 1, 0, 0),
(929, 7, 5, 65, 1, 0, 0),
(930, 7, 6, 65, 1, 0, 0),
(931, 7, 7, 65, 1, 0, 0),
(932, 7, 1, 65, 2, 0, 0),
(933, 7, 2, 65, 2, 0, 0),
(934, 7, 3, 65, 2, 0, 0),
(935, 7, 4, 65, 2, 0, 0),
(936, 7, 5, 65, 2, 0, 0),
(937, 7, 6, 65, 2, 0, 0),
(938, 7, 7, 65, 2, 0, 0),
(939, 7, 1, 65, 3, 0, 0),
(940, 7, 2, 65, 3, 0, 0),
(941, 7, 3, 65, 3, 0, 0),
(942, 7, 4, 65, 3, 0, 0),
(943, 7, 5, 65, 3, 0, 0),
(944, 7, 6, 65, 3, 0, 0),
(945, 7, 7, 65, 3, 0, 0),
(946, 8, 1, 65, 1, 0, 0),
(947, 8, 2, 65, 1, 1, 0),
(948, 8, 3, 65, 1, 0, 0),
(949, 8, 4, 65, 1, 0, 0),
(950, 8, 5, 65, 1, 0, 0),
(951, 8, 6, 65, 1, 0, 0),
(952, 8, 7, 65, 1, 0, 0),
(953, 8, 1, 65, 2, 0, 0),
(954, 8, 2, 65, 2, 0, 0),
(955, 8, 3, 65, 2, 1, 0),
(956, 8, 4, 65, 2, 0, 0),
(957, 8, 5, 65, 2, 0, 0),
(958, 8, 6, 65, 2, 0, 0),
(959, 8, 7, 65, 2, 0, 0),
(960, 8, 1, 65, 3, 0, 0),
(961, 8, 2, 65, 3, 0, 0),
(962, 8, 3, 65, 3, 0, 0),
(963, 8, 4, 65, 3, 1, 0),
(964, 8, 5, 65, 3, 0, 0),
(965, 8, 6, 65, 3, 0, 0),
(966, 8, 7, 65, 3, 0, 0),
(967, 9, 1, 65, 1, 0, 0),
(968, 9, 2, 65, 1, 0, 0),
(969, 9, 3, 65, 1, 0, 0),
(970, 9, 4, 65, 1, 0, 0),
(971, 9, 5, 65, 1, 0, 0),
(972, 9, 6, 65, 1, 0, 0),
(973, 9, 7, 65, 1, 0, 0),
(974, 9, 1, 65, 2, 0, 0),
(975, 9, 2, 65, 2, 0, 0),
(976, 9, 3, 65, 2, 0, 0),
(977, 9, 4, 65, 2, 0, 0),
(978, 9, 5, 65, 2, 0, 0),
(979, 9, 6, 65, 2, 0, 0),
(980, 9, 7, 65, 2, 0, 0),
(981, 9, 1, 65, 3, 0, 0),
(982, 9, 2, 65, 3, 0, 0),
(983, 9, 3, 65, 3, 0, 0),
(984, 9, 4, 65, 3, 0, 0),
(985, 9, 5, 65, 3, 0, 0),
(986, 9, 6, 65, 3, 0, 0),
(987, 9, 7, 65, 3, 0, 0),
(988, 10, 1, 65, 1, 0, 0),
(989, 10, 2, 65, 1, 0, 0),
(990, 10, 3, 65, 1, 0, 0),
(991, 10, 4, 65, 1, 0, 0),
(992, 10, 5, 65, 1, 0, 0),
(993, 10, 6, 65, 1, 0, 0),
(994, 10, 7, 65, 1, 0, 0),
(995, 10, 1, 65, 2, 0, 0),
(996, 10, 2, 65, 2, 0, 0),
(997, 10, 3, 65, 2, 0, 0),
(998, 10, 4, 65, 2, 0, 0),
(999, 10, 5, 65, 2, 0, 0),
(1000, 10, 6, 65, 2, 0, 0),
(1001, 10, 7, 65, 2, 0, 0),
(1002, 10, 1, 65, 3, 0, 0),
(1003, 10, 2, 65, 3, 0, 0),
(1004, 10, 3, 65, 3, 0, 0),
(1005, 10, 4, 65, 3, 0, 0),
(1006, 10, 5, 65, 3, 0, 0),
(1007, 10, 6, 65, 3, 0, 0),
(1008, 10, 7, 65, 3, 0, 0),
(1009, 11, 1, 65, 1, 0, 0),
(1010, 11, 2, 65, 1, 0, 0),
(1011, 11, 3, 65, 1, 0, 0),
(1012, 11, 4, 65, 1, 0, 0),
(1013, 11, 5, 65, 1, 0, 0),
(1014, 11, 6, 65, 1, 0, 0),
(1015, 11, 7, 65, 1, 0, 0),
(1016, 11, 1, 65, 2, 0, 0),
(1017, 11, 2, 65, 2, 0, 0),
(1018, 11, 3, 65, 2, 0, 0),
(1019, 11, 4, 65, 2, 0, 0),
(1020, 11, 5, 65, 2, 0, 0),
(1021, 11, 6, 65, 2, 0, 0),
(1022, 11, 7, 65, 2, 0, 0),
(1023, 11, 1, 65, 3, 0, 0),
(1024, 11, 2, 65, 3, 0, 0),
(1025, 11, 3, 65, 3, 0, 0),
(1026, 11, 4, 65, 3, 0, 0),
(1027, 11, 5, 65, 3, 0, 0),
(1028, 11, 6, 65, 3, 0, 0),
(1029, 11, 7, 65, 3, 0, 0),
(1030, 12, 1, 65, 1, 0, 0),
(1031, 12, 2, 65, 1, 0, 0),
(1032, 12, 3, 65, 1, 0, 0),
(1033, 12, 4, 65, 1, 0, 0),
(1034, 12, 5, 65, 1, 0, 0),
(1035, 12, 6, 65, 1, 0, 0),
(1036, 12, 7, 65, 1, 0, 0),
(1037, 12, 1, 65, 2, 0, 0),
(1038, 12, 2, 65, 2, 0, 0),
(1039, 12, 3, 65, 2, 0, 0),
(1040, 12, 4, 65, 2, 0, 0),
(1041, 12, 5, 65, 2, 0, 0),
(1042, 12, 6, 65, 2, 0, 0),
(1043, 12, 7, 65, 2, 0, 0),
(1044, 12, 1, 65, 3, 0, 0),
(1045, 12, 2, 65, 3, 0, 0),
(1046, 12, 3, 65, 3, 0, 0),
(1047, 12, 4, 65, 3, 0, 0),
(1048, 12, 5, 65, 3, 0, 0),
(1049, 12, 6, 65, 3, 0, 0),
(1050, 12, 7, 65, 3, 0, 0),
(1051, 13, 1, 65, 1, 0, 0),
(1052, 13, 2, 65, 1, 0, 0),
(1053, 13, 3, 65, 1, 0, 0),
(1054, 13, 4, 65, 1, 0, 0),
(1055, 13, 5, 65, 1, 0, 0),
(1056, 13, 6, 65, 1, 0, 0),
(1057, 13, 7, 65, 1, 0, 0),
(1058, 13, 1, 65, 2, 0, 0),
(1059, 13, 2, 65, 2, 0, 0),
(1060, 13, 3, 65, 2, 0, 0),
(1061, 13, 4, 65, 2, 0, 0),
(1062, 13, 5, 65, 2, 0, 0),
(1063, 13, 6, 65, 2, 0, 0),
(1064, 13, 7, 65, 2, 0, 0),
(1065, 13, 1, 65, 3, 0, 0),
(1066, 13, 2, 65, 3, 0, 0),
(1067, 13, 3, 65, 3, 0, 0),
(1068, 13, 4, 65, 3, 0, 0),
(1069, 13, 5, 65, 3, 0, 0),
(1070, 13, 6, 65, 3, 0, 0),
(1071, 13, 7, 65, 3, 0, 0),
(1072, 14, 1, 65, 1, 0, 0),
(1073, 14, 2, 65, 1, 0, 0),
(1074, 14, 3, 65, 1, 0, 0),
(1075, 14, 4, 65, 1, 0, 0),
(1076, 14, 5, 65, 1, 0, 0),
(1077, 14, 6, 65, 1, 0, 0),
(1078, 14, 7, 65, 1, 0, 0),
(1079, 14, 1, 65, 2, 0, 0),
(1080, 14, 2, 65, 2, 0, 0),
(1081, 14, 3, 65, 2, 0, 0),
(1082, 14, 4, 65, 2, 0, 0),
(1083, 14, 5, 65, 2, 0, 0),
(1084, 14, 6, 65, 2, 0, 0),
(1085, 14, 7, 65, 2, 0, 0),
(1086, 14, 1, 65, 3, 0, 0),
(1087, 14, 2, 65, 3, 0, 0),
(1088, 14, 3, 65, 3, 0, 0),
(1089, 14, 4, 65, 3, 0, 0),
(1090, 14, 5, 65, 3, 0, 0),
(1091, 14, 6, 65, 3, 0, 0),
(1092, 14, 7, 65, 3, 0, 0),
(1093, 15, 1, 65, 1, 0, 0),
(1094, 15, 2, 65, 1, 0, 0),
(1095, 15, 3, 65, 1, 0, 0),
(1096, 15, 4, 65, 1, 0, 0),
(1097, 15, 5, 65, 1, 0, 0),
(1098, 15, 6, 65, 1, 0, 0),
(1099, 15, 7, 65, 1, 0, 0),
(1100, 15, 1, 65, 2, 0, 0),
(1101, 15, 2, 65, 2, 0, 0),
(1102, 15, 3, 65, 2, 0, 0),
(1103, 15, 4, 65, 2, 0, 0),
(1104, 15, 5, 65, 2, 0, 0),
(1105, 15, 6, 65, 2, 0, 0),
(1106, 15, 7, 65, 2, 0, 0),
(1107, 15, 1, 65, 3, 0, 0),
(1108, 15, 2, 65, 3, 0, 0),
(1109, 15, 3, 65, 3, 0, 0),
(1110, 15, 4, 65, 3, 0, 0),
(1111, 15, 5, 65, 3, 0, 0),
(1112, 15, 6, 65, 3, 0, 0),
(1113, 15, 7, 65, 3, 0, 0),
(1114, 16, 1, 65, 1, 0, 0),
(1115, 16, 2, 65, 1, 0, 0),
(1116, 16, 3, 65, 1, 0, 0),
(1117, 16, 4, 65, 1, 0, 0),
(1118, 16, 5, 65, 1, 0, 0),
(1119, 16, 6, 65, 1, 0, 0),
(1120, 16, 7, 65, 1, 0, 0),
(1121, 16, 1, 65, 2, 0, 0),
(1122, 16, 2, 65, 2, 0, 0),
(1123, 16, 3, 65, 2, 0, 0),
(1124, 16, 4, 65, 2, 0, 0),
(1125, 16, 5, 65, 2, 0, 0),
(1126, 16, 6, 65, 2, 0, 0),
(1127, 16, 7, 65, 2, 0, 0),
(1128, 16, 1, 65, 3, 0, 0),
(1129, 16, 2, 65, 3, 0, 0),
(1130, 16, 3, 65, 3, 0, 0),
(1131, 16, 4, 65, 3, 0, 0),
(1132, 16, 5, 65, 3, 0, 0),
(1133, 16, 6, 65, 3, 0, 0),
(1134, 16, 7, 65, 3, 0, 0),
(1135, 17, 1, 65, 1, 0, 0),
(1136, 17, 2, 65, 1, 0, 0),
(1137, 17, 3, 65, 1, 0, 0),
(1138, 17, 4, 65, 1, 0, 0),
(1139, 17, 5, 65, 1, 0, 0),
(1140, 17, 6, 65, 1, 0, 0),
(1141, 17, 7, 65, 1, 0, 0),
(1142, 17, 1, 65, 2, 0, 0),
(1143, 17, 2, 65, 2, 0, 0),
(1144, 17, 3, 65, 2, 0, 0),
(1145, 17, 4, 65, 2, 0, 0),
(1146, 17, 5, 65, 2, 0, 0),
(1147, 17, 6, 65, 2, 0, 0),
(1148, 17, 7, 65, 2, 0, 0),
(1149, 17, 1, 65, 3, 0, 0),
(1150, 17, 2, 65, 3, 0, 0),
(1151, 17, 3, 65, 3, 0, 0),
(1152, 17, 4, 65, 3, 0, 0),
(1153, 17, 5, 65, 3, 0, 0),
(1154, 17, 6, 65, 3, 0, 0),
(1155, 17, 7, 65, 3, 0, 0),
(1156, 7, 1, 66, 1, 0, 0),
(1157, 7, 2, 66, 1, 0, 0),
(1158, 7, 3, 66, 1, 0, 0),
(1159, 7, 4, 66, 1, 0, 0),
(1160, 7, 5, 66, 1, 0, 0),
(1161, 7, 6, 66, 1, 0, 0),
(1162, 7, 7, 66, 1, 0, 0),
(1163, 7, 1, 66, 2, 0, 0),
(1164, 7, 2, 66, 2, 0, 0),
(1165, 7, 3, 66, 2, 0, 0),
(1166, 7, 4, 66, 2, 0, 0),
(1167, 7, 5, 66, 2, 0, 0),
(1168, 7, 6, 66, 2, 0, 0),
(1169, 7, 7, 66, 2, 0, 0),
(1170, 7, 1, 66, 3, 0, 0),
(1171, 7, 2, 66, 3, 0, 0),
(1172, 7, 3, 66, 3, 0, 0),
(1173, 7, 4, 66, 3, 0, 0),
(1174, 7, 5, 66, 3, 0, 0),
(1175, 7, 6, 66, 3, 0, 0),
(1176, 7, 7, 66, 3, 0, 0),
(1177, 8, 1, 66, 1, 0, 0),
(1178, 8, 2, 66, 1, 0, 0),
(1179, 8, 3, 66, 1, 0, 0),
(1180, 8, 4, 66, 1, 0, 0),
(1181, 8, 5, 66, 1, 0, 0),
(1182, 8, 6, 66, 1, 0, 0),
(1183, 8, 7, 66, 1, 1, 0),
(1184, 8, 1, 66, 2, 0, 0),
(1185, 8, 2, 66, 2, 1, 0),
(1186, 8, 3, 66, 2, 0, 0),
(1187, 8, 4, 66, 2, 0, 0),
(1188, 8, 5, 66, 2, 0, 0),
(1189, 8, 6, 66, 2, 0, 0),
(1190, 8, 7, 66, 2, 0, 0),
(1191, 8, 1, 66, 3, 0, 0),
(1192, 8, 2, 66, 3, 0, 0),
(1193, 8, 3, 66, 3, 0, 0),
(1194, 8, 4, 66, 3, 0, 0),
(1195, 8, 5, 66, 3, 1, 0),
(1196, 8, 6, 66, 3, 0, 0),
(1197, 8, 7, 66, 3, 0, 0),
(1198, 9, 1, 66, 1, 0, 0),
(1199, 9, 2, 66, 1, 0, 0),
(1200, 9, 3, 66, 1, 0, 0),
(1201, 9, 4, 66, 1, 0, 0),
(1202, 9, 5, 66, 1, 0, 0),
(1203, 9, 6, 66, 1, 0, 0),
(1204, 9, 7, 66, 1, 0, 0),
(1205, 9, 1, 66, 2, 0, 0),
(1206, 9, 2, 66, 2, 0, 0),
(1207, 9, 3, 66, 2, 0, 0),
(1208, 9, 4, 66, 2, 0, 0),
(1209, 9, 5, 66, 2, 0, 0),
(1210, 9, 6, 66, 2, 0, 0),
(1211, 9, 7, 66, 2, 0, 0),
(1212, 9, 1, 66, 3, 0, 0),
(1213, 9, 2, 66, 3, 0, 0),
(1214, 9, 3, 66, 3, 0, 0),
(1215, 9, 4, 66, 3, 0, 0),
(1216, 9, 5, 66, 3, 0, 0),
(1217, 9, 6, 66, 3, 0, 0),
(1218, 9, 7, 66, 3, 0, 0),
(1219, 10, 1, 66, 1, 0, 0),
(1220, 10, 2, 66, 1, 0, 0),
(1221, 10, 3, 66, 1, 0, 0),
(1222, 10, 4, 66, 1, 0, 0),
(1223, 10, 5, 66, 1, 0, 0),
(1224, 10, 6, 66, 1, 0, 0),
(1225, 10, 7, 66, 1, 0, 0),
(1226, 10, 1, 66, 2, 0, 0),
(1227, 10, 2, 66, 2, 0, 0),
(1228, 10, 3, 66, 2, 0, 0),
(1229, 10, 4, 66, 2, 0, 0),
(1230, 10, 5, 66, 2, 0, 0),
(1231, 10, 6, 66, 2, 0, 0),
(1232, 10, 7, 66, 2, 0, 0),
(1233, 10, 1, 66, 3, 0, 0),
(1234, 10, 2, 66, 3, 0, 0),
(1235, 10, 3, 66, 3, 0, 0),
(1236, 10, 4, 66, 3, 0, 0),
(1237, 10, 5, 66, 3, 0, 0),
(1238, 10, 6, 66, 3, 0, 0),
(1239, 10, 7, 66, 3, 0, 0),
(1240, 11, 1, 66, 1, 0, 0),
(1241, 11, 2, 66, 1, 0, 0),
(1242, 11, 3, 66, 1, 0, 0),
(1243, 11, 4, 66, 1, 0, 0),
(1244, 11, 5, 66, 1, 0, 0),
(1245, 11, 6, 66, 1, 0, 0),
(1246, 11, 7, 66, 1, 0, 0),
(1247, 11, 1, 66, 2, 0, 0),
(1248, 11, 2, 66, 2, 0, 0),
(1249, 11, 3, 66, 2, 0, 0),
(1250, 11, 4, 66, 2, 0, 0),
(1251, 11, 5, 66, 2, 0, 0),
(1252, 11, 6, 66, 2, 0, 0),
(1253, 11, 7, 66, 2, 0, 0),
(1254, 11, 1, 66, 3, 0, 0),
(1255, 11, 2, 66, 3, 0, 0),
(1256, 11, 3, 66, 3, 0, 0),
(1257, 11, 4, 66, 3, 0, 0),
(1258, 11, 5, 66, 3, 0, 0),
(1259, 11, 6, 66, 3, 0, 0),
(1260, 11, 7, 66, 3, 0, 0),
(1261, 12, 1, 66, 1, 0, 0),
(1262, 12, 2, 66, 1, 0, 0),
(1263, 12, 3, 66, 1, 0, 0),
(1264, 12, 4, 66, 1, 0, 0),
(1265, 12, 5, 66, 1, 0, 0),
(1266, 12, 6, 66, 1, 0, 0),
(1267, 12, 7, 66, 1, 0, 0),
(1268, 12, 1, 66, 2, 0, 0),
(1269, 12, 2, 66, 2, 0, 0),
(1270, 12, 3, 66, 2, 0, 0),
(1271, 12, 4, 66, 2, 0, 0),
(1272, 12, 5, 66, 2, 0, 0),
(1273, 12, 6, 66, 2, 0, 0),
(1274, 12, 7, 66, 2, 0, 0),
(1275, 12, 1, 66, 3, 0, 0),
(1276, 12, 2, 66, 3, 0, 0),
(1277, 12, 3, 66, 3, 0, 0),
(1278, 12, 4, 66, 3, 0, 0),
(1279, 12, 5, 66, 3, 0, 0),
(1280, 12, 6, 66, 3, 0, 0),
(1281, 12, 7, 66, 3, 0, 0),
(1282, 13, 1, 66, 1, 0, 0),
(1283, 13, 2, 66, 1, 0, 0),
(1284, 13, 3, 66, 1, 0, 0),
(1285, 13, 4, 66, 1, 0, 0),
(1286, 13, 5, 66, 1, 0, 0),
(1287, 13, 6, 66, 1, 0, 0),
(1288, 13, 7, 66, 1, 0, 0),
(1289, 13, 1, 66, 2, 0, 0),
(1290, 13, 2, 66, 2, 0, 0),
(1291, 13, 3, 66, 2, 0, 0),
(1292, 13, 4, 66, 2, 0, 0),
(1293, 13, 5, 66, 2, 0, 0),
(1294, 13, 6, 66, 2, 0, 0),
(1295, 13, 7, 66, 2, 0, 0),
(1296, 13, 1, 66, 3, 0, 0),
(1297, 13, 2, 66, 3, 0, 0),
(1298, 13, 3, 66, 3, 0, 0),
(1299, 13, 4, 66, 3, 0, 0),
(1300, 13, 5, 66, 3, 0, 0),
(1301, 13, 6, 66, 3, 0, 0),
(1302, 13, 7, 66, 3, 0, 0),
(1303, 14, 1, 66, 1, 0, 0),
(1304, 14, 2, 66, 1, 0, 0),
(1305, 14, 3, 66, 1, 0, 0),
(1306, 14, 4, 66, 1, 0, 0),
(1307, 14, 5, 66, 1, 0, 0),
(1308, 14, 6, 66, 1, 0, 0),
(1309, 14, 7, 66, 1, 0, 0),
(1310, 14, 1, 66, 2, 0, 0),
(1311, 14, 2, 66, 2, 0, 0),
(1312, 14, 3, 66, 2, 0, 0),
(1313, 14, 4, 66, 2, 0, 0),
(1314, 14, 5, 66, 2, 0, 0),
(1315, 14, 6, 66, 2, 0, 0),
(1316, 14, 7, 66, 2, 0, 0),
(1317, 14, 1, 66, 3, 0, 0),
(1318, 14, 2, 66, 3, 0, 0),
(1319, 14, 3, 66, 3, 0, 0),
(1320, 14, 4, 66, 3, 0, 0),
(1321, 14, 5, 66, 3, 0, 0),
(1322, 14, 6, 66, 3, 0, 0),
(1323, 14, 7, 66, 3, 0, 0),
(1324, 15, 1, 66, 1, 0, 0),
(1325, 15, 2, 66, 1, 0, 0),
(1326, 15, 3, 66, 1, 0, 0),
(1327, 15, 4, 66, 1, 0, 0),
(1328, 15, 5, 66, 1, 0, 0),
(1329, 15, 6, 66, 1, 0, 0),
(1330, 15, 7, 66, 1, 0, 0),
(1331, 15, 1, 66, 2, 0, 0),
(1332, 15, 2, 66, 2, 0, 0),
(1333, 15, 3, 66, 2, 0, 0),
(1334, 15, 4, 66, 2, 0, 0),
(1335, 15, 5, 66, 2, 0, 0),
(1336, 15, 6, 66, 2, 0, 0),
(1337, 15, 7, 66, 2, 0, 0),
(1338, 15, 1, 66, 3, 0, 0),
(1339, 15, 2, 66, 3, 0, 0),
(1340, 15, 3, 66, 3, 0, 0),
(1341, 15, 4, 66, 3, 0, 0),
(1342, 15, 5, 66, 3, 0, 0),
(1343, 15, 6, 66, 3, 0, 0),
(1344, 15, 7, 66, 3, 0, 0),
(1345, 16, 1, 66, 1, 0, 0),
(1346, 16, 2, 66, 1, 0, 0),
(1347, 16, 3, 66, 1, 0, 0),
(1348, 16, 4, 66, 1, 0, 0),
(1349, 16, 5, 66, 1, 0, 0),
(1350, 16, 6, 66, 1, 0, 0),
(1351, 16, 7, 66, 1, 0, 0),
(1352, 16, 1, 66, 2, 0, 0),
(1353, 16, 2, 66, 2, 0, 0),
(1354, 16, 3, 66, 2, 0, 0),
(1355, 16, 4, 66, 2, 0, 0),
(1356, 16, 5, 66, 2, 0, 0),
(1357, 16, 6, 66, 2, 0, 0),
(1358, 16, 7, 66, 2, 0, 0),
(1359, 16, 1, 66, 3, 0, 0),
(1360, 16, 2, 66, 3, 0, 0),
(1361, 16, 3, 66, 3, 0, 0),
(1362, 16, 4, 66, 3, 0, 0),
(1363, 16, 5, 66, 3, 0, 0),
(1364, 16, 6, 66, 3, 0, 0),
(1365, 16, 7, 66, 3, 0, 0),
(1366, 17, 1, 66, 1, 0, 0),
(1367, 17, 2, 66, 1, 0, 0),
(1368, 17, 3, 66, 1, 0, 0),
(1369, 17, 4, 66, 1, 0, 0),
(1370, 17, 5, 66, 1, 0, 0),
(1371, 17, 6, 66, 1, 0, 0),
(1372, 17, 7, 66, 1, 0, 0),
(1373, 17, 1, 66, 2, 0, 0),
(1374, 17, 2, 66, 2, 0, 0),
(1375, 17, 3, 66, 2, 0, 0),
(1376, 17, 4, 66, 2, 0, 0),
(1377, 17, 5, 66, 2, 0, 0),
(1378, 17, 6, 66, 2, 0, 0),
(1379, 17, 7, 66, 2, 0, 0),
(1380, 17, 1, 66, 3, 0, 0),
(1381, 17, 2, 66, 3, 0, 0),
(1382, 17, 3, 66, 3, 0, 0),
(1383, 17, 4, 66, 3, 0, 0),
(1384, 17, 5, 66, 3, 0, 0),
(1385, 17, 6, 66, 3, 0, 0),
(1386, 17, 7, 66, 3, 0, 0),
(1387, 7, 1, 67, 1, 0, 0),
(1388, 7, 2, 67, 1, 0, 0),
(1389, 7, 3, 67, 1, 0, 0),
(1390, 7, 4, 67, 1, 0, 0),
(1391, 7, 5, 67, 1, 0, 0),
(1392, 7, 6, 67, 1, 0, 0),
(1393, 7, 7, 67, 1, 0, 0),
(1394, 7, 1, 67, 2, 0, 0),
(1395, 7, 2, 67, 2, 0, 0),
(1396, 7, 3, 67, 2, 0, 0),
(1397, 7, 4, 67, 2, 0, 0),
(1398, 7, 5, 67, 2, 0, 0),
(1399, 7, 6, 67, 2, 0, 0),
(1400, 7, 7, 67, 2, 0, 0),
(1401, 7, 1, 67, 3, 0, 0),
(1402, 7, 2, 67, 3, 0, 0),
(1403, 7, 3, 67, 3, 0, 0),
(1404, 7, 4, 67, 3, 0, 0),
(1405, 7, 5, 67, 3, 0, 0),
(1406, 7, 6, 67, 3, 0, 0),
(1407, 7, 7, 67, 3, 0, 0),
(1408, 8, 1, 67, 1, 0, 0),
(1409, 8, 2, 67, 1, 0, 0),
(1410, 8, 3, 67, 1, 1, 0),
(1411, 8, 4, 67, 1, 0, 0),
(1412, 8, 5, 67, 1, 0, 0),
(1413, 8, 6, 67, 1, 0, 0),
(1414, 8, 7, 67, 1, 0, 0),
(1415, 8, 1, 67, 2, 0, 0),
(1416, 8, 2, 67, 2, 0, 0),
(1417, 8, 3, 67, 2, 0, 0),
(1418, 8, 4, 67, 2, 1, 0),
(1419, 8, 5, 67, 2, 0, 0),
(1420, 8, 6, 67, 2, 0, 0),
(1421, 8, 7, 67, 2, 0, 0),
(1422, 8, 1, 67, 3, 0, 0),
(1423, 8, 2, 67, 3, 0, 0),
(1424, 8, 3, 67, 3, 0, 0),
(1425, 8, 4, 67, 3, 0, 0),
(1426, 8, 5, 67, 3, 0, 0),
(1427, 8, 6, 67, 3, 1, 0),
(1428, 8, 7, 67, 3, 0, 0),
(1429, 9, 1, 67, 1, 0, 0),
(1430, 9, 2, 67, 1, 0, 0),
(1431, 9, 3, 67, 1, 0, 0),
(1432, 9, 4, 67, 1, 0, 0),
(1433, 9, 5, 67, 1, 0, 0),
(1434, 9, 6, 67, 1, 0, 0),
(1435, 9, 7, 67, 1, 0, 0),
(1436, 9, 1, 67, 2, 0, 0),
(1437, 9, 2, 67, 2, 0, 0),
(1438, 9, 3, 67, 2, 0, 0),
(1439, 9, 4, 67, 2, 0, 0),
(1440, 9, 5, 67, 2, 0, 0),
(1441, 9, 6, 67, 2, 0, 0),
(1442, 9, 7, 67, 2, 0, 0),
(1443, 9, 1, 67, 3, 0, 0),
(1444, 9, 2, 67, 3, 0, 0),
(1445, 9, 3, 67, 3, 0, 0),
(1446, 9, 4, 67, 3, 0, 0),
(1447, 9, 5, 67, 3, 0, 0),
(1448, 9, 6, 67, 3, 0, 0),
(1449, 9, 7, 67, 3, 0, 0),
(1450, 10, 1, 67, 1, 0, 0),
(1451, 10, 2, 67, 1, 0, 0),
(1452, 10, 3, 67, 1, 0, 0),
(1453, 10, 4, 67, 1, 0, 0),
(1454, 10, 5, 67, 1, 0, 0),
(1455, 10, 6, 67, 1, 0, 0),
(1456, 10, 7, 67, 1, 0, 0),
(1457, 10, 1, 67, 2, 0, 0),
(1458, 10, 2, 67, 2, 0, 0),
(1459, 10, 3, 67, 2, 0, 0),
(1460, 10, 4, 67, 2, 0, 0),
(1461, 10, 5, 67, 2, 0, 0),
(1462, 10, 6, 67, 2, 0, 0),
(1463, 10, 7, 67, 2, 0, 0),
(1464, 10, 1, 67, 3, 0, 0),
(1465, 10, 2, 67, 3, 0, 0),
(1466, 10, 3, 67, 3, 0, 0),
(1467, 10, 4, 67, 3, 0, 0),
(1468, 10, 5, 67, 3, 0, 0),
(1469, 10, 6, 67, 3, 0, 0),
(1470, 10, 7, 67, 3, 0, 0),
(1471, 11, 1, 67, 1, 0, 0),
(1472, 11, 2, 67, 1, 0, 0),
(1473, 11, 3, 67, 1, 0, 0),
(1474, 11, 4, 67, 1, 0, 0),
(1475, 11, 5, 67, 1, 0, 0),
(1476, 11, 6, 67, 1, 0, 0),
(1477, 11, 7, 67, 1, 0, 0),
(1478, 11, 1, 67, 2, 0, 0),
(1479, 11, 2, 67, 2, 0, 0),
(1480, 11, 3, 67, 2, 0, 0),
(1481, 11, 4, 67, 2, 0, 0),
(1482, 11, 5, 67, 2, 0, 0),
(1483, 11, 6, 67, 2, 0, 0),
(1484, 11, 7, 67, 2, 0, 0),
(1485, 11, 1, 67, 3, 0, 0),
(1486, 11, 2, 67, 3, 0, 0),
(1487, 11, 3, 67, 3, 0, 0),
(1488, 11, 4, 67, 3, 0, 0),
(1489, 11, 5, 67, 3, 0, 0),
(1490, 11, 6, 67, 3, 0, 0),
(1491, 11, 7, 67, 3, 0, 0),
(1492, 12, 1, 67, 1, 0, 0),
(1493, 12, 2, 67, 1, 0, 0),
(1494, 12, 3, 67, 1, 0, 0),
(1495, 12, 4, 67, 1, 0, 0),
(1496, 12, 5, 67, 1, 0, 0),
(1497, 12, 6, 67, 1, 0, 0),
(1498, 12, 7, 67, 1, 0, 0),
(1499, 12, 1, 67, 2, 0, 0),
(1500, 12, 2, 67, 2, 0, 0),
(1501, 12, 3, 67, 2, 0, 0),
(1502, 12, 4, 67, 2, 0, 0),
(1503, 12, 5, 67, 2, 0, 0),
(1504, 12, 6, 67, 2, 0, 0),
(1505, 12, 7, 67, 2, 0, 0),
(1506, 12, 1, 67, 3, 0, 0),
(1507, 12, 2, 67, 3, 0, 0),
(1508, 12, 3, 67, 3, 0, 0),
(1509, 12, 4, 67, 3, 0, 0),
(1510, 12, 5, 67, 3, 0, 0),
(1511, 12, 6, 67, 3, 0, 0),
(1512, 12, 7, 67, 3, 0, 0),
(1513, 13, 1, 67, 1, 0, 0),
(1514, 13, 2, 67, 1, 0, 0),
(1515, 13, 3, 67, 1, 0, 0),
(1516, 13, 4, 67, 1, 0, 0),
(1517, 13, 5, 67, 1, 0, 0),
(1518, 13, 6, 67, 1, 0, 0),
(1519, 13, 7, 67, 1, 0, 0),
(1520, 13, 1, 67, 2, 0, 0),
(1521, 13, 2, 67, 2, 0, 0),
(1522, 13, 3, 67, 2, 0, 0),
(1523, 13, 4, 67, 2, 0, 0),
(1524, 13, 5, 67, 2, 0, 0),
(1525, 13, 6, 67, 2, 0, 0),
(1526, 13, 7, 67, 2, 0, 0),
(1527, 13, 1, 67, 3, 0, 0),
(1528, 13, 2, 67, 3, 0, 0),
(1529, 13, 3, 67, 3, 0, 0),
(1530, 13, 4, 67, 3, 0, 0),
(1531, 13, 5, 67, 3, 0, 0),
(1532, 13, 6, 67, 3, 0, 0),
(1533, 13, 7, 67, 3, 0, 0),
(1534, 14, 1, 67, 1, 0, 0),
(1535, 14, 2, 67, 1, 0, 0),
(1536, 14, 3, 67, 1, 0, 0),
(1537, 14, 4, 67, 1, 0, 0),
(1538, 14, 5, 67, 1, 0, 0),
(1539, 14, 6, 67, 1, 0, 0),
(1540, 14, 7, 67, 1, 0, 0),
(1541, 14, 1, 67, 2, 0, 0),
(1542, 14, 2, 67, 2, 0, 0),
(1543, 14, 3, 67, 2, 0, 0),
(1544, 14, 4, 67, 2, 0, 0),
(1545, 14, 5, 67, 2, 0, 0),
(1546, 14, 6, 67, 2, 0, 0),
(1547, 14, 7, 67, 2, 0, 0),
(1548, 14, 1, 67, 3, 0, 0),
(1549, 14, 2, 67, 3, 0, 0),
(1550, 14, 3, 67, 3, 0, 0),
(1551, 14, 4, 67, 3, 0, 0),
(1552, 14, 5, 67, 3, 0, 0),
(1553, 14, 6, 67, 3, 0, 0),
(1554, 14, 7, 67, 3, 0, 0),
(1555, 15, 1, 67, 1, 0, 0),
(1556, 15, 2, 67, 1, 0, 0),
(1557, 15, 3, 67, 1, 0, 0),
(1558, 15, 4, 67, 1, 0, 0),
(1559, 15, 5, 67, 1, 0, 0),
(1560, 15, 6, 67, 1, 0, 0),
(1561, 15, 7, 67, 1, 0, 0),
(1562, 15, 1, 67, 2, 0, 0),
(1563, 15, 2, 67, 2, 0, 0),
(1564, 15, 3, 67, 2, 0, 0),
(1565, 15, 4, 67, 2, 0, 0),
(1566, 15, 5, 67, 2, 0, 0),
(1567, 15, 6, 67, 2, 0, 0),
(1568, 15, 7, 67, 2, 0, 0),
(1569, 15, 1, 67, 3, 0, 0),
(1570, 15, 2, 67, 3, 0, 0),
(1571, 15, 3, 67, 3, 0, 0),
(1572, 15, 4, 67, 3, 0, 0),
(1573, 15, 5, 67, 3, 0, 0),
(1574, 15, 6, 67, 3, 0, 0),
(1575, 15, 7, 67, 3, 0, 0),
(1576, 16, 1, 67, 1, 0, 0),
(1577, 16, 2, 67, 1, 0, 0),
(1578, 16, 3, 67, 1, 0, 0),
(1579, 16, 4, 67, 1, 0, 0),
(1580, 16, 5, 67, 1, 0, 0),
(1581, 16, 6, 67, 1, 0, 0),
(1582, 16, 7, 67, 1, 0, 0),
(1583, 16, 1, 67, 2, 0, 0),
(1584, 16, 2, 67, 2, 0, 0),
(1585, 16, 3, 67, 2, 0, 0),
(1586, 16, 4, 67, 2, 0, 0),
(1587, 16, 5, 67, 2, 0, 0),
(1588, 16, 6, 67, 2, 0, 0),
(1589, 16, 7, 67, 2, 0, 0),
(1590, 16, 1, 67, 3, 0, 0),
(1591, 16, 2, 67, 3, 0, 0),
(1592, 16, 3, 67, 3, 0, 0),
(1593, 16, 4, 67, 3, 0, 0),
(1594, 16, 5, 67, 3, 0, 0),
(1595, 16, 6, 67, 3, 0, 0),
(1596, 16, 7, 67, 3, 0, 0),
(1597, 17, 1, 67, 1, 0, 0),
(1598, 17, 2, 67, 1, 0, 0),
(1599, 17, 3, 67, 1, 0, 0),
(1600, 17, 4, 67, 1, 0, 0),
(1601, 17, 5, 67, 1, 0, 0),
(1602, 17, 6, 67, 1, 0, 0),
(1603, 17, 7, 67, 1, 0, 0),
(1604, 17, 1, 67, 2, 0, 0),
(1605, 17, 2, 67, 2, 0, 0),
(1606, 17, 3, 67, 2, 0, 0),
(1607, 17, 4, 67, 2, 0, 0),
(1608, 17, 5, 67, 2, 0, 0),
(1609, 17, 6, 67, 2, 0, 0),
(1610, 17, 7, 67, 2, 0, 0),
(1611, 17, 1, 67, 3, 0, 0),
(1612, 17, 2, 67, 3, 0, 0),
(1613, 17, 3, 67, 3, 0, 0),
(1614, 17, 4, 67, 3, 0, 0),
(1615, 17, 5, 67, 3, 0, 0),
(1616, 17, 6, 67, 3, 0, 0),
(1617, 17, 7, 67, 3, 0, 0),
(1618, 7, 1, 68, 1, 0, 0),
(1619, 7, 2, 68, 1, 0, 0),
(1620, 7, 3, 68, 1, 0, 0),
(1621, 7, 4, 68, 1, 0, 0),
(1622, 7, 5, 68, 1, 0, 0),
(1623, 7, 6, 68, 1, 0, 0),
(1624, 7, 7, 68, 1, 0, 0),
(1625, 7, 1, 68, 2, 0, 0),
(1626, 7, 2, 68, 2, 0, 0),
(1627, 7, 3, 68, 2, 0, 0),
(1628, 7, 4, 68, 2, 0, 0),
(1629, 7, 5, 68, 2, 0, 0),
(1630, 7, 6, 68, 2, 0, 0),
(1631, 7, 7, 68, 2, 0, 0),
(1632, 7, 1, 68, 3, 0, 0),
(1633, 7, 2, 68, 3, 0, 0),
(1634, 7, 3, 68, 3, 0, 0),
(1635, 7, 4, 68, 3, 0, 0),
(1636, 7, 5, 68, 3, 0, 0),
(1637, 7, 6, 68, 3, 0, 0),
(1638, 7, 7, 68, 3, 0, 0),
(1639, 8, 1, 68, 1, 0, 0),
(1640, 8, 2, 68, 1, 0, 0),
(1641, 8, 3, 68, 1, 0, 0),
(1642, 8, 4, 68, 1, 0, 0),
(1643, 8, 5, 68, 1, 0, 0),
(1644, 8, 6, 68, 1, 0, 0),
(1645, 8, 7, 68, 1, 0, 0),
(1646, 8, 1, 68, 2, 0, 0),
(1647, 8, 2, 68, 2, 0, 0),
(1648, 8, 3, 68, 2, 0, 0),
(1649, 8, 4, 68, 2, 0, 0),
(1650, 8, 5, 68, 2, 1, 0),
(1651, 8, 6, 68, 2, 1, 0),
(1652, 8, 7, 68, 2, 1, 0),
(1653, 8, 1, 68, 3, 0, 0),
(1654, 8, 2, 68, 3, 0, 0),
(1655, 8, 3, 68, 3, 0, 0),
(1656, 8, 4, 68, 3, 0, 0),
(1657, 8, 5, 68, 3, 0, 0),
(1658, 8, 6, 68, 3, 0, 0),
(1659, 8, 7, 68, 3, 0, 0),
(1660, 9, 1, 68, 1, 0, 0),
(1661, 9, 2, 68, 1, 0, 0),
(1662, 9, 3, 68, 1, 0, 0),
(1663, 9, 4, 68, 1, 0, 0),
(1664, 9, 5, 68, 1, 0, 0),
(1665, 9, 6, 68, 1, 0, 0),
(1666, 9, 7, 68, 1, 0, 0),
(1667, 9, 1, 68, 2, 0, 0),
(1668, 9, 2, 68, 2, 0, 0),
(1669, 9, 3, 68, 2, 0, 0),
(1670, 9, 4, 68, 2, 0, 0),
(1671, 9, 5, 68, 2, 0, 0),
(1672, 9, 6, 68, 2, 0, 0),
(1673, 9, 7, 68, 2, 0, 0),
(1674, 9, 1, 68, 3, 0, 0),
(1675, 9, 2, 68, 3, 0, 0),
(1676, 9, 3, 68, 3, 0, 0),
(1677, 9, 4, 68, 3, 0, 0),
(1678, 9, 5, 68, 3, 0, 0),
(1679, 9, 6, 68, 3, 0, 0),
(1680, 9, 7, 68, 3, 0, 0),
(1681, 10, 1, 68, 1, 0, 0),
(1682, 10, 2, 68, 1, 0, 0),
(1683, 10, 3, 68, 1, 0, 0),
(1684, 10, 4, 68, 1, 0, 0),
(1685, 10, 5, 68, 1, 0, 0),
(1686, 10, 6, 68, 1, 0, 0),
(1687, 10, 7, 68, 1, 0, 0),
(1688, 10, 1, 68, 2, 0, 0),
(1689, 10, 2, 68, 2, 0, 0),
(1690, 10, 3, 68, 2, 0, 0),
(1691, 10, 4, 68, 2, 0, 0),
(1692, 10, 5, 68, 2, 0, 0),
(1693, 10, 6, 68, 2, 0, 0),
(1694, 10, 7, 68, 2, 0, 0),
(1695, 10, 1, 68, 3, 0, 0),
(1696, 10, 2, 68, 3, 0, 0),
(1697, 10, 3, 68, 3, 0, 0),
(1698, 10, 4, 68, 3, 0, 0),
(1699, 10, 5, 68, 3, 0, 0),
(1700, 10, 6, 68, 3, 0, 0),
(1701, 10, 7, 68, 3, 0, 0),
(1702, 11, 1, 68, 1, 0, 0),
(1703, 11, 2, 68, 1, 0, 0),
(1704, 11, 3, 68, 1, 0, 0),
(1705, 11, 4, 68, 1, 0, 0),
(1706, 11, 5, 68, 1, 0, 0),
(1707, 11, 6, 68, 1, 0, 0),
(1708, 11, 7, 68, 1, 0, 0),
(1709, 11, 1, 68, 2, 0, 0),
(1710, 11, 2, 68, 2, 0, 0),
(1711, 11, 3, 68, 2, 0, 0),
(1712, 11, 4, 68, 2, 0, 0),
(1713, 11, 5, 68, 2, 0, 0),
(1714, 11, 6, 68, 2, 0, 0),
(1715, 11, 7, 68, 2, 0, 0),
(1716, 11, 1, 68, 3, 0, 0),
(1717, 11, 2, 68, 3, 0, 0),
(1718, 11, 3, 68, 3, 0, 0),
(1719, 11, 4, 68, 3, 0, 0),
(1720, 11, 5, 68, 3, 0, 0),
(1721, 11, 6, 68, 3, 0, 0),
(1722, 11, 7, 68, 3, 0, 0),
(1723, 12, 1, 68, 1, 0, 0),
(1724, 12, 2, 68, 1, 0, 0),
(1725, 12, 3, 68, 1, 0, 0),
(1726, 12, 4, 68, 1, 0, 0),
(1727, 12, 5, 68, 1, 0, 0),
(1728, 12, 6, 68, 1, 0, 0),
(1729, 12, 7, 68, 1, 0, 0),
(1730, 12, 1, 68, 2, 0, 0),
(1731, 12, 2, 68, 2, 0, 0),
(1732, 12, 3, 68, 2, 0, 0),
(1733, 12, 4, 68, 2, 0, 0),
(1734, 12, 5, 68, 2, 0, 0),
(1735, 12, 6, 68, 2, 0, 0),
(1736, 12, 7, 68, 2, 0, 0),
(1737, 12, 1, 68, 3, 0, 0),
(1738, 12, 2, 68, 3, 0, 0),
(1739, 12, 3, 68, 3, 0, 0),
(1740, 12, 4, 68, 3, 0, 0),
(1741, 12, 5, 68, 3, 0, 0),
(1742, 12, 6, 68, 3, 0, 0),
(1743, 12, 7, 68, 3, 0, 0),
(1744, 13, 1, 68, 1, 0, 0),
(1745, 13, 2, 68, 1, 0, 0),
(1746, 13, 3, 68, 1, 0, 0),
(1747, 13, 4, 68, 1, 0, 0),
(1748, 13, 5, 68, 1, 0, 0),
(1749, 13, 6, 68, 1, 0, 0),
(1750, 13, 7, 68, 1, 0, 0),
(1751, 13, 1, 68, 2, 0, 0),
(1752, 13, 2, 68, 2, 0, 0),
(1753, 13, 3, 68, 2, 0, 0),
(1754, 13, 4, 68, 2, 0, 0),
(1755, 13, 5, 68, 2, 0, 0),
(1756, 13, 6, 68, 2, 0, 0),
(1757, 13, 7, 68, 2, 0, 0),
(1758, 13, 1, 68, 3, 0, 0),
(1759, 13, 2, 68, 3, 0, 0),
(1760, 13, 3, 68, 3, 0, 0),
(1761, 13, 4, 68, 3, 0, 0),
(1762, 13, 5, 68, 3, 0, 0),
(1763, 13, 6, 68, 3, 0, 0),
(1764, 13, 7, 68, 3, 0, 0),
(1765, 14, 1, 68, 1, 0, 0),
(1766, 14, 2, 68, 1, 0, 0),
(1767, 14, 3, 68, 1, 0, 0),
(1768, 14, 4, 68, 1, 0, 0),
(1769, 14, 5, 68, 1, 0, 0),
(1770, 14, 6, 68, 1, 0, 0),
(1771, 14, 7, 68, 1, 0, 0),
(1772, 14, 1, 68, 2, 0, 0),
(1773, 14, 2, 68, 2, 0, 0),
(1774, 14, 3, 68, 2, 0, 0),
(1775, 14, 4, 68, 2, 0, 0),
(1776, 14, 5, 68, 2, 0, 0),
(1777, 14, 6, 68, 2, 0, 0),
(1778, 14, 7, 68, 2, 0, 0),
(1779, 14, 1, 68, 3, 0, 0),
(1780, 14, 2, 68, 3, 0, 0),
(1781, 14, 3, 68, 3, 0, 0),
(1782, 14, 4, 68, 3, 0, 0),
(1783, 14, 5, 68, 3, 0, 0),
(1784, 14, 6, 68, 3, 0, 0),
(1785, 14, 7, 68, 3, 0, 0),
(1786, 15, 1, 68, 1, 0, 0),
(1787, 15, 2, 68, 1, 0, 0),
(1788, 15, 3, 68, 1, 0, 0),
(1789, 15, 4, 68, 1, 0, 0),
(1790, 15, 5, 68, 1, 0, 0),
(1791, 15, 6, 68, 1, 0, 0),
(1792, 15, 7, 68, 1, 0, 0),
(1793, 15, 1, 68, 2, 0, 0),
(1794, 15, 2, 68, 2, 0, 0),
(1795, 15, 3, 68, 2, 0, 0),
(1796, 15, 4, 68, 2, 0, 0),
(1797, 15, 5, 68, 2, 0, 0),
(1798, 15, 6, 68, 2, 0, 0),
(1799, 15, 7, 68, 2, 0, 0),
(1800, 15, 1, 68, 3, 0, 0),
(1801, 15, 2, 68, 3, 0, 0),
(1802, 15, 3, 68, 3, 0, 0),
(1803, 15, 4, 68, 3, 0, 0),
(1804, 15, 5, 68, 3, 0, 0),
(1805, 15, 6, 68, 3, 0, 0),
(1806, 15, 7, 68, 3, 0, 0),
(1807, 16, 1, 68, 1, 0, 0),
(1808, 16, 2, 68, 1, 0, 0),
(1809, 16, 3, 68, 1, 0, 0),
(1810, 16, 4, 68, 1, 0, 0),
(1811, 16, 5, 68, 1, 0, 0),
(1812, 16, 6, 68, 1, 0, 0),
(1813, 16, 7, 68, 1, 0, 0),
(1814, 16, 1, 68, 2, 0, 0),
(1815, 16, 2, 68, 2, 0, 0),
(1816, 16, 3, 68, 2, 0, 0),
(1817, 16, 4, 68, 2, 0, 0),
(1818, 16, 5, 68, 2, 0, 0),
(1819, 16, 6, 68, 2, 0, 0),
(1820, 16, 7, 68, 2, 0, 0),
(1821, 16, 1, 68, 3, 0, 0),
(1822, 16, 2, 68, 3, 0, 0),
(1823, 16, 3, 68, 3, 0, 0),
(1824, 16, 4, 68, 3, 0, 0),
(1825, 16, 5, 68, 3, 0, 0),
(1826, 16, 6, 68, 3, 0, 0),
(1827, 16, 7, 68, 3, 0, 0),
(1828, 17, 1, 68, 1, 0, 0),
(1829, 17, 2, 68, 1, 0, 0),
(1830, 17, 3, 68, 1, 0, 0),
(1831, 17, 4, 68, 1, 0, 0),
(1832, 17, 5, 68, 1, 0, 0),
(1833, 17, 6, 68, 1, 0, 0),
(1834, 17, 7, 68, 1, 0, 0),
(1835, 17, 1, 68, 2, 0, 0),
(1836, 17, 2, 68, 2, 0, 0),
(1837, 17, 3, 68, 2, 0, 0),
(1838, 17, 4, 68, 2, 0, 0),
(1839, 17, 5, 68, 2, 0, 0),
(1840, 17, 6, 68, 2, 0, 0),
(1841, 17, 7, 68, 2, 0, 0),
(1842, 17, 1, 68, 3, 0, 0),
(1843, 17, 2, 68, 3, 0, 0),
(1844, 17, 3, 68, 3, 0, 0),
(1845, 17, 4, 68, 3, 0, 0),
(1846, 17, 5, 68, 3, 0, 0),
(1847, 17, 6, 68, 3, 0, 0),
(1848, 17, 7, 68, 3, 0, 0);

-- --------------------------------------------------------

--
-- Table structure for table `days`
--

CREATE TABLE IF NOT EXISTS `days` (
  `id` int(11) NOT NULL,
  `title` varchar(10) NOT NULL
) ENGINE=InnoDB AUTO_INCREMENT=8 DEFAULT CHARSET=utf8;

--
-- Dumping data for table `days`
--

INSERT INTO `days` (`id`, `title`) VALUES
(1, 'Sunday'),
(2, 'Monday'),
(3, 'Tuesday'),
(4, 'Wednesday'),
(5, 'Thursday'),
(6, 'Friday'),
(7, 'Saturday');

-- --------------------------------------------------------

--
-- Table structure for table `messages`
--

CREATE TABLE IF NOT EXISTS `messages` (
  `id` int(11) NOT NULL,
  `send_to` int(11) NOT NULL,
  `msg` text,
  `view` tinyint(2) DEFAULT '0'
) ENGINE=InnoDB AUTO_INCREMENT=33 DEFAULT CHARSET=utf8;

--
-- Dumping data for table `messages`
--

INSERT INTO `messages` (`id`, `send_to`, `msg`, `view`) VALUES
(12, 59, 'shifts approved by your manager!', 1),
(13, 59, 'shifts approved by your manager!', 1),
(14, 58, 'shifts approved by your manager!', 0),
(15, 58, 'shifts approved by your manager!', 0),
(16, 57, 'shifts approved by your manager!', 0),
(17, 57, 'shifts approved by your manager!', 0),
(18, 56, 'shifts approved by your manager!', 0),
(19, 56, 'shifts approved by your manager!', 0),
(20, 56, 'shifts approved by your manager!', 0),
(21, 60, 'shifts approved by your manager!', 1),
(22, 60, 'shifts approved by your manager!', 1),
(23, 63, 'shifts approved by your manager!', 0),
(24, 64, 'shifts approved by your manager!', 0),
(25, 65, 'shifts approved by your manager!', 0),
(26, 66, 'shifts approved by your manager!', 0),
(27, 67, 'shifts approved by your manager!', 0),
(28, 68, 'shifts approved by your manager!', 1),
(29, 62, 'shifts approved by your manager!', 1),
(30, 62, 'shifts approved by your manager!', 1),
(31, 62, 'Please insert one night', 1),
(32, 62, 'shifts approved by your manager!', 1);

-- --------------------------------------------------------

--
-- Table structure for table `shifts`
--

CREATE TABLE IF NOT EXISTS `shifts` (
  `id` int(11) NOT NULL,
  `title` varchar(10) NOT NULL
) ENGINE=InnoDB AUTO_INCREMENT=4 DEFAULT CHARSET=utf8;

--
-- Dumping data for table `shifts`
--

INSERT INTO `shifts` (`id`, `title`) VALUES
(1, 'Morning'),
(2, 'Evening'),
(3, 'Night');

-- --------------------------------------------------------

--
-- Table structure for table `users`
--

CREATE TABLE IF NOT EXISTS `users` (
  `id` int(11) NOT NULL,
  `f_name` varchar(20) DEFAULT NULL,
  `l_name` varchar(20) DEFAULT NULL,
  `email` varchar(50) DEFAULT NULL,
  `password` varchar(100) NOT NULL,
  `role` enum('mgr','emp') DEFAULT NULL,
  `img_path` varchar(100) DEFAULT NULL
) ENGINE=InnoDB AUTO_INCREMENT=69 DEFAULT CHARSET=utf8;

--
-- Dumping data for table `users`
--

INSERT INTO `users` (`id`, `f_name`, `l_name`, `email`, `password`, `role`, `img_path`) VALUES
(28, 'Tomer', 'Alon', 'tomera@emc.com', '123123', 'mgr', NULL),
(61, 'Liat', 'Perl', 'liatp@emc.com', '123123', 'emp', 'NULL'),
(62, 'Moshe', 'Cohen', 'moshec@emc.com', '123123', 'emp', 'NULL'),
(63, 'Tal', 'Kot', 'talk@emc.com', '123123', 'emp', 'NULL'),
(64, 'Lior', 'Haimov', 'liorh@emc.com', '123123', 'emp', 'NULL'),
(65, 'Hovav', 'Cohen', 'hovavc@emc.com', '123123', 'emp', 'NULL'),
(66, 'Itzik', 'Moalem', 'itzikm@emc.com', '123123', 'emp', 'NULL'),
(67, 'Shlomi', 'Lougassi', 'shlomil@emc.com', '123123', 'emp', 'NULL'),
(68, 'Naama', 'Lapidot', 'naamal@emc.com', '123123', 'emp', 'NULL');

--
-- Indexes for dumped tables
--

--
-- Indexes for table `const`
--
ALTER TABLE `const`
  ADD PRIMARY KEY (`id`),
  ADD KEY `userid` (`user_id`),
  ADD KEY `shiftid` (`shift_id`),
  ADD KEY `day_id` (`day_id`);

--
-- Indexes for table `days`
--
ALTER TABLE `days`
  ADD PRIMARY KEY (`id`);

--
-- Indexes for table `messages`
--
ALTER TABLE `messages`
  ADD PRIMARY KEY (`id`),
  ADD KEY `send_to` (`send_to`);

--
-- Indexes for table `shifts`
--
ALTER TABLE `shifts`
  ADD PRIMARY KEY (`id`);

--
-- Indexes for table `users`
--
ALTER TABLE `users`
  ADD PRIMARY KEY (`id`);

--
-- AUTO_INCREMENT for dumped tables
--

--
-- AUTO_INCREMENT for table `const`
--
ALTER TABLE `const`
  MODIFY `id` int(11) NOT NULL AUTO_INCREMENT,AUTO_INCREMENT=1849;
--
-- AUTO_INCREMENT for table `days`
--
ALTER TABLE `days`
  MODIFY `id` int(11) NOT NULL AUTO_INCREMENT,AUTO_INCREMENT=8;
--
-- AUTO_INCREMENT for table `messages`
--
ALTER TABLE `messages`
  MODIFY `id` int(11) NOT NULL AUTO_INCREMENT,AUTO_INCREMENT=33;
--
-- AUTO_INCREMENT for table `shifts`
--
ALTER TABLE `shifts`
  MODIFY `id` int(11) NOT NULL AUTO_INCREMENT,AUTO_INCREMENT=4;
--
-- AUTO_INCREMENT for table `users`
--
ALTER TABLE `users`
  MODIFY `id` int(11) NOT NULL AUTO_INCREMENT,AUTO_INCREMENT=69;
/*!40101 SET CHARACTER_SET_CLIENT=@OLD_CHARACTER_SET_CLIENT */;
/*!40101 SET CHARACTER_SET_RESULTS=@OLD_CHARACTER_SET_RESULTS */;
/*!40101 SET COLLATION_CONNECTION=@OLD_COLLATION_CONNECTION */;
